Rk,Player,Nation,Pos,Squad,Age,Born,90s,Att,Cmp%,PrgDist,Shrt Cmp%,Med Cmp%,Long Cmp%,Ast,xA,A-xA,Key Passes,Final 1/3,PenBoxPasses,CrsPenBox,Prog,Matches
1,Patrick van Aanholt,nl NED,DF,Crystal Palace,30-189,1990,14.7,58.9,79.7,359.2,88.9,80.7,52.6,0.07,0.05,0.01,0.75,3.54,1.5,0.27,5.65,Matches
2,Tammy Abraham,eng ENG,FW,Chelsea,23-155,1997,11.3,18.9,68.7,28.9,77.6,62.9,60,0.09,0.08,0.01,0.71,1.06,0.18,0,0.97,Matches
3,Che Adams,eng ENG,FW,Southampton,24-236,1996,21.2,21.7,69.3,54,75.8,75.4,74,0.19,0.2,-0.01,1.08,0.99,0.61,0,1.93,Matches
4,Tosin Adarabioyo,eng ENG,DF,Fulham,23-163,1997,23,55.2,86.5,372.8,89.1,93.6,73,0,0,0,0.13,2.43,0.13,0,2.39,Matches
5,Adrián,es ESP,GK,Liverpool,34-062,1987,3,33,76.8,375.7,100,97.2,48.8,0,0,0,0,0,0,0,0,Matches
6,Sergio Agüero,ar ARG,FW,Manchester City,32-277,1988,2.3,28.7,84.8,31.7,88.9,87.5,100,0,0.26,-0.26,1.3,0.87,0.43,0,0.87,Matches
7,Ola Aina,ng NGA,DF,Fulham,24-149,1996,22.2,61.2,78.1,368.8,90.8,85.7,50,0.05,0.06,-0.01,0.59,3.92,0.59,0.36,3.83,Matches
8,Rayan Aït Nouri,fr FRA,DF,Wolves,19-273,2001,7.8,46.4,83.4,178.8,92,85.4,55.6,0.13,0.09,0.04,0.77,1.67,0.77,0.38,2.31,Matches
9,Semi Ajayi,ng NGA,DF,West Brom,27-117,1993,23.3,33.8,72.7,227.1,85.1,80.8,50,0,0,0,0.09,2.15,0.13,0,2.1,Matches
10,Nathan Aké,nl NED,DF,Manchester City,26-016,1995,5.2,88.7,93.1,415.4,95.7,94.7,81.8,0,0,0,0.19,6.92,0,0,4.42,Matches
11,Marc Albrighton,eng ENG,"FW,DF",Leicester City,31-108,1989,13.1,43.2,68.4,209.9,82.5,79.3,40.7,0.15,0.22,-0.07,1.6,2.75,2.06,0.84,4.27,Matches
12,Thiago Alcántara,es ESP,MF,Liverpool,29-329,1991,11.8,85.7,88.7,395.7,90.6,93.1,80.3,0,0.09,-0.09,1.36,9.58,0.93,0.08,8.9,Matches
13,Toby Alderweireld,be BEL,DF,Tottenham,32-004,1989,15.9,49.3,80.9,250.6,91.5,91.5,61.5,0,0.01,-0.01,0.19,2.89,0.25,0.06,2.01,Matches
14,Rúnar Alex Rúnarsson,is ISL,GK,Arsenal,26-016,1995,0.2,55,63.6,255,100,100,0,0,0,0,0,0,0,0,0,Matches
15,Trent Alexander-Arnold,eng ENG,DF,Liverpool,22-150,1998,23.5,91.2,75.9,594,88.7,83.3,55.7,0.13,0.16,-0.03,1.57,6.85,3.15,0.68,9.19,Matches
16,Ezgjan Alioski,mk MKD,"DF,MF",Leeds United,29-022,1992,16.5,64.2,82.2,277.7,90.2,87.3,48.6,0,0.1,-0.1,1.03,3.82,1.15,0.48,4,Matches
17,Alisson,br BRA,GK,Liverpool,28-155,1992,22,33.9,85.9,400.7,100,98.3,66.2,0,0,0,0,0.23,0,0,0,Matches
18,Allan,br BRA,MF,Everton,30-057,1991,12.8,46.6,86.4,167,92.3,87.4,77.5,0,0.02,-0.02,0.55,3.44,0.63,0,2.58,Matches
19,Dele Alli,eng ENG,MF,Tottenham,24-329,1996,2.3,54.3,80,168.3,86.3,87.8,78.6,0,0.09,-0.09,1.74,3.48,1.3,0,4.35,Matches
20,Miguel Almirón,py PAR,"MF,FW",Newcastle Utd,27-024,1994,17.6,34.3,80.6,106,88.1,84.9,62.8,0.06,0.12,-0.06,1.25,1.99,1.19,0.4,2.44,Matches
21,Marcos Alonso,es ESP,DF,Chelsea,30-068,1990,6.8,61.8,83.1,317.6,90.1,88.6,56.5,0,0.07,-0.07,1.03,1.91,0.74,0.15,5.44,Matches
22,Steven Alzate,co COL,"MF,DF",Brighton,22-179,1998,8,42.9,87.8,129,89.2,93,82.6,0,0.05,-0.05,1,2.75,0.75,0,3.25,Matches
23,Daniel Amartey,gh GHA,DF,Leicester City,26-075,1994,5.5,55.8,83.1,266.7,92.6,85.8,68.9,0,0,0,0,1.82,0.18,0,2.73,Matches
24,Ethan Ampadu,wal WAL,"DF,MF",Sheffield Utd,20-173,2000,18.8,45.7,79.3,232.4,85.5,85.6,61.1,0,0.05,-0.05,0.53,3.24,0.8,0.11,3.94,Matches
25,Joachim Andersen,dk DEN,DF,Fulham,24-279,1996,20.7,59.7,83.9,365.4,89.2,92.5,69.2,0.05,0.02,0.03,0.34,3.91,0.34,0.05,3.62,Matches
26,Elliot Anderson,sco SCO,MF,Newcastle Utd,18-120,2002,0,1,100,0,100,,,0,0,0,0,0,0,0,0,Matches
27,Felipe Anderson,br BRA,"FW,MF",West Ham,27-325,1993,0,6,66.7,28,100,50,,0,0,0,0,0,0,0,2,Matches
28,Michail Antonio,eng ENG,FW,West Ham,30-343,1990,13.8,20.2,63.1,32.7,68.8,62.5,60,0.22,0.09,0.12,0.87,0.87,0.29,0,1.01,Matches
29,Alphonse Areola,fr FRA,GK,Fulham,28-007,1993,26,26.3,72.4,329.4,100,99.4,48.1,0,0,0,0,0.15,0,0,0,Matches
30,Stuart Armstrong,sco SCO,MF,Southampton,28-341,1992,19.2,40.4,78.8,145.8,85.4,85,65.7,0.16,0.09,0.06,1.15,2.86,1.04,0.26,3.33,Matches
31,Kepa Arrizabalaga,es ESP,GK,Chelsea,26-154,1994,4,34.5,76.8,409.3,96,100,55.7,0,0,0,0,0.25,0,0,0,Matches
32,Pierre-Emerick Aubameyang,ga GAB,FW,Arsenal,31-261,1989,19.6,26.9,75.3,62.4,82.2,76.1,56.8,0.05,0.08,-0.03,0.82,0.71,1.22,0.46,2.14,Matches
33,Serge Aurier,ci CIV,DF,Tottenham,28-072,1992,12.8,51.1,77.8,264.7,89.7,74.8,51.5,0.08,0.12,-0.04,0.7,1.02,1.33,0.47,3.2,Matches
34,Charlie Austin,eng ENG,FW,West Brom,31-244,1989,1.5,22,72.7,82.7,84.6,75,50,0,0,0,0,0,0,0,2.67,Matches
35,Jordan Ayew,gh GHA,"FW,MF",Crystal Palace,29-176,1991,16.6,26.4,80.9,56.4,87.4,81.5,59.3,0.18,0.04,0.14,0.6,0.6,0.72,0.12,1.87,Matches
36,Luke Ayling,eng ENG,DF,Leeds United,29-193,1991,25.8,75.6,79.6,487,88.3,87.1,58.7,0,0.09,-0.09,0.85,5.31,1.05,0.39,6.16,Matches
37,César Azpilicueta,es ESP,DF,Chelsea,31-190,1989,15.6,85.6,86.8,473,92.4,91.4,59.1,0.06,0.07,-0.01,0.96,5.83,0.9,0.19,4.94,Matches
38,Eric Bailly,ci CIV,DF,Manchester Utd,26-328,1994,7.1,53.8,89.8,320.4,92.4,92.9,76.6,0,0,0,0,3.38,0,0,3.1,Matches
39,Fabián Balbuena,py PAR,DF,West Ham,29-195,1991,12,35,76,253.3,87.3,87.4,56.3,0,0,0,0,2.42,0,0,2.25,Matches
40,George Baldock,eng ENG,DF,Sheffield Utd,27-362,1993,21.5,36.9,76.4,146.1,91,75.6,39,0.09,0.06,0.03,0.56,1.35,1.02,0.28,2.05,Matches
41,Gareth Bale,wal WAL,FW,Tottenham,31-233,1989,4.8,38.5,63.8,153.5,79.7,68,46,0.42,0.08,0.33,1.25,2.29,0.42,0,2.92,Matches
42,Patrick Bamford,eng ENG,FW,Leeds United,27-182,1993,24.8,14.8,76.3,22.5,77.3,82.3,88.9,0.2,0.11,0.09,0.69,0.56,0.32,0.08,0.73,Matches
43,Phil Bardsley,sco SCO,DF,Burnley,35-251,1985,3,55,70.3,316.3,95.9,76.1,40,0,0,0,0,3,2,0.33,3.67,Matches
44,Ross Barkley,eng ENG,MF,Aston Villa,27-091,1993,12.1,41.8,81.4,149.8,86.6,87,71.1,0.08,0.22,-0.14,2.31,2.81,1.4,0,4.05,Matches
45,Ross Barkley,eng ENG,MF,Chelsea,27-091,1993,0.5,52,84.6,144,76.9,88.9,100,0,0.2,-0.2,2,4,2,0,4,Matches
46,Ashley Barnes,eng ENG,FW,Burnley,31-127,1989,14.4,20.1,64.1,37.6,75.9,61.4,25,0,0.05,-0.05,0.9,0.9,0.49,0.07,1.32,Matches
47,Harvey Barnes,eng ENG,"FW,MF",Leicester City,23-087,1997,21.6,29.1,74.5,86.8,79.9,78.9,64.7,0.19,0.07,0.12,1.16,1.71,0.88,0.09,2.87,Matches
48,Kyle Bartley,eng ENG,DF,West Brom,29-288,1991,17.8,30.5,77.5,153,86.5,83.5,56.5,0.06,0.02,0.04,0.11,1.74,0.11,0.06,1.01,Matches
49,Chris Basham,eng ENG,"DF,MF",Sheffield Utd,32-229,1988,22.6,39.2,80.2,161.4,88.8,83.6,58.7,0.04,0.03,0.01,0.35,1.9,0.53,0.22,2.35,Matches
50,Michy Batshuayi,be BEL,FW,Crystal Palace,27-155,1993,7.8,19.9,71.6,40.9,79.2,72.5,75,0.13,0.18,-0.05,0.9,0.77,0.38,0.13,1.15,Matches
51,Jan Bednarek,pl POL,DF,Southampton,24-328,1996,24.9,61.8,84.7,345.9,93,90.5,54.1,0.04,0.01,0.03,0.16,2.69,0.16,0,2.77,Matches
52,Donny van de Beek,nl NED,"MF,FW",Manchester Utd,23-322,1997,3.6,47.5,84.2,109.2,87.6,93,60,0,0.03,-0.03,0.56,1.94,0.28,0.28,1.39,Matches
53,Héctor Bellerín,es ESP,DF,Arsenal,25-352,1995,21.2,55.4,82.7,222.5,87,85.7,63.6,0.09,0.11,-0.01,0.99,2.41,1.32,0.42,3.63,Matches
54,Saïd Benrahma,dz ALG,"MF,FW",West Ham,25-208,1995,9.8,32.9,78.9,109.9,91.1,81.2,44.2,0.41,0.18,0.22,1.53,2.65,1.12,0.31,3.16,Matches
55,Josh Benson,eng ENG,MF,Burnley,21-091,1999,2.9,29.3,72.9,111,90.5,70.8,33.3,0,0,0,0,1.38,0,0,2.41,Matches
56,Christian Benteke,be BEL,FW,Crystal Palace,30-093,1990,11.1,27.3,64.4,52.9,66.1,61.8,64.7,0.09,0.08,0.01,0.99,1.26,0.99,0.09,1.89,Matches
57,Jóhann Berg Guðmundsson,is ISL,MF,Burnley,30-130,1990,8.3,30.2,75.7,93.3,87,75.3,48.8,0,0.02,-0.02,0.48,1.45,0.48,0.24,2.53,Matches
58,Sander Berge,no NOR,MF,Sheffield Utd,23-020,1998,11.3,37.7,81.9,118.2,83.2,88.3,71.7,0.09,0.11,-0.02,1.06,2.83,0.35,0.18,2.57,Matches
59,Steven Bergwijn,nl NED,"FW,MF",Tottenham,23-149,1997,11.3,30.6,80.9,64.6,89.5,81,28,0.18,0.09,0.09,0.88,1.59,0.53,0,1.24,Matches
60,Bernard,br BRA,"FW,MF",Everton,28-179,1992,4.2,55,78.8,185.5,87.1,80.4,68.2,0,0.14,-0.14,1.9,3.81,2.14,0.48,4.52,Matches
61,Bernardo,br BRA,"DF,MF",Brighton,25-296,1995,2.3,37.8,71.3,125.2,84.2,70.6,83.3,0,0.09,-0.09,0.87,1.3,0.87,0.43,2.61,Matches
62,Ryan Bertrand,eng ENG,DF,Southampton,31-213,1989,23.9,54.1,76.6,270.7,88.1,80.2,42.6,0.04,0.03,0.02,0.33,2.34,0.92,0.17,3.51,Matches
63,Yves Bissouma,ml MLI,MF,Brighton,24-188,1996,22.6,50.2,86.8,162.5,87.1,91.3,79,0,0.02,-0.02,0.35,3.94,0.66,0.09,3.72,Matches
64,Jayden Bogle,eng ENG,DF,Sheffield Utd,20-222,2000,8,33.9,78.2,164.9,88.5,79,54.5,0,0.03,-0.03,0.5,1.63,0.88,0.13,2.38,Matches
65,Willy Boly,ci CIV,DF,Wolves,30-031,1991,16,46.8,82.9,263.2,88.3,90.2,61.8,0.06,0.03,0.04,0.13,2.5,0.06,0,2.06,Matches
66,Jarrod Bowen,eng ENG,"FW,MF",West Ham,24-076,1996,20.4,26.8,67,80.9,74.8,77.9,50.7,0.15,0.11,0.03,0.98,0.83,0.83,0.29,1.47,Matches
67,Robbie Brady,ie IRL,MF,Burnley,29-051,1992,11.2,33.8,68.1,142.2,82.3,70.2,43.4,0.09,0.08,0.01,0.63,1.96,0.54,0.36,2.77,Matches
68,Rhian Brewster,eng ENG,FW,Sheffield Utd,20-339,2000,8.9,17.5,74.4,53.1,83.5,80.5,56,0,0.12,-0.12,0.45,1.12,0.22,0,1.35,Matches
69,Josh Brownhill,eng ENG,MF,Burnley,25-077,1995,20.8,40,79.9,107.8,88.2,81.2,56.9,0,0.03,-0.03,0.53,2.12,0.43,0.05,1.73,Matches
70,Joe Bryan,eng ENG,"DF,FW",Fulham,27-170,1993,5.2,55.8,67.9,328.8,83.6,79.3,38.2,0,0.04,-0.04,0.58,2.5,0.58,0.38,3.65,Matches
71,Kean Bryan,eng ENG,DF,Sheffield Utd,24-125,1996,6.3,36.2,69.7,260.5,91.3,77.1,41.8,0,0.06,-0.06,0.48,2.22,0.32,0.16,1.59,Matches
72,Oliver Burke,sco SCO,FW,Sheffield Utd,23-333,1997,10.7,17.9,71.4,18,77.8,77.1,57.1,0.09,0.16,-0.07,1.12,0.37,0.47,0.09,0.56,Matches
73,Dan Burn,eng ENG,DF,Brighton,28-301,1992,15.4,56.4,75.7,232.4,79.2,84.5,44.9,0,0.03,-0.03,0.32,2.79,0.84,0.26,3.83,Matches
74,David Button,eng ENG,GK,West Brom,32-007,1989,1,37,43.2,484,100,100,36.4,0,0,0,0,0,0,0,0,Matches
75,Oskar Buur,dk DEN,DF,Wolves,22-340,1998,0.2,75,93.3,235,100,100,0,0,0,0,0,0,0,0,0,Matches
76,Willy Caballero,ar ARG,GK,Chelsea,39-159,1981,1,26,92.3,302,100,100,60,0,0,0,0,0,0,0,0,Matches
77,Gary Cahill,eng ENG,DF,Crystal Palace,35-077,1985,12,37.9,85.3,249.9,84.5,93.5,67,0,0.03,-0.03,0.25,2,0.08,0,1.83,Matches
78,Tom Cairney,sco SCO,MF,Fulham,30-045,1991,8.4,73.9,88.7,239.2,94.3,91.9,78.1,0.12,0.17,-0.05,2.38,7.26,1.19,0.6,3.81,Matches
79,Dominic Calvert-Lewin,eng ENG,FW,Everton,23-355,1997,21.9,22,72,37.9,77.7,69,80.5,0,0.05,-0.05,0.59,0.96,0.32,0,1.19,Matches
80,João Cancelo,pt POR,DF,Manchester City,26-283,1994,19.9,83.1,86.2,354.6,92.3,88.1,70.7,0.1,0.19,-0.09,1.81,5.88,2.81,0.4,6.83,Matches
81,Ian Carlo Poveda,eng ENG,"MF,DF",Leeds United,21-025,2000,2.8,31.4,69.3,137.1,78,75,50,0,0.14,-0.14,0.71,2.14,2.5,0.36,5.71,Matches
82,Andy Carroll,eng ENG,FW,Newcastle Utd,32-059,1989,4.2,31.2,63.4,90,71.4,57.1,50,0,0.02,-0.02,0.48,2.14,0.71,0,2.38,Matches
83,Matty Cash,eng ENG,DF,Aston Villa,23-211,1997,20.2,48.7,74.6,245.4,88.9,78.8,48.4,0.1,0.08,0.01,0.89,2.77,0.84,0.64,2.08,Matches
84,Kiko Casilla,es ESP,GK,Leeds United,34-155,1986,1,33,97,519,100,100,90.9,0,0,0,0,0,0,0,0,Matches
85,Timothy Castagne,be BEL,DF,Leicester City,25-091,1995,15.1,53.6,80.8,259.3,89.7,82.6,47.5,0.13,0.07,0.06,0.86,2.38,0.93,0.2,3.25,Matches
86,Jonny Castro,es ESP,DF,Wolves,27-003,1994,3.5,43.1,78.1,166.9,88.3,87.5,41.7,0,0.03,-0.03,0.57,1.14,0,0,1.43,Matches
87,Ivan Cavaleiro,pt POR,"FW,MF",Fulham,27-139,1993,18.3,31.2,73.2,81.8,83.2,79.8,48.1,0,0.12,-0.12,1.64,0.66,0.98,0.33,1.75,Matches
88,Edinson Cavani,uy URU,FW,Manchester Utd,34-020,1987,10.3,22.5,77.6,41.3,82.7,78.7,88.5,0.19,0.17,0.03,0.87,0.78,0.87,0.1,1.26,Matches
89,Dani Ceballos,es ESP,MF,Arsenal,24-211,1996,12.4,70.2,86,297.6,89.7,91.1,75.6,0.16,0.18,-0.02,1.45,7.9,1.29,0.16,6.85,Matches
90,Ben Chilwell,eng ENG,DF,Chelsea,24-075,1996,18.5,75.6,78.9,353,91.3,82.3,48.4,0.22,0.08,0.14,1.03,4.22,0.92,0.32,5.84,Matches
91,Hamza Choudhury,eng ENG,MF,Leicester City,23-156,1997,3.4,67.9,81,181.2,80.7,86.1,74.3,0,0,0,0,3.82,0,0,2.35,Matches
92,Andreas Christensen,dk DEN,DF,Chelsea,24-330,1996,9.1,72.7,93.1,362.3,93.9,95.6,85.3,0,0,0,0.11,2.31,0,0,2.97,Matches
93,Ciaran Clark,ie IRL,DF,Newcastle Utd,31-161,1989,14.4,37.1,83.1,208.1,88.2,89,66,0,0.01,-0.01,0.14,2.01,0.14,0,1.94,Matches
94,Nathaniel Clyne,eng ENG,DF,Crystal Palace,29-335,1991,12.7,44.8,76.8,216.5,91.4,79.6,38.7,0.08,0.03,0.05,0.31,1.5,1.02,0.47,1.97,Matches
95,Conor Coady,eng ENG,DF,Wolves,28-009,1993,25.7,47.1,87,386,94.5,94.8,73.9,0,0,0,0.08,1.75,0,0,1.6,Matches
96,Séamus Coleman,ie IRL,DF,Everton,32-146,1988,9.8,48.1,83,268.2,90.3,89,57.1,0.1,0.08,0.02,0.61,1.73,0.61,0.1,2.24,Matches
97,Aaron Connolly,ie IRL,FW,Brighton,21-037,2000,8,11.5,78.3,19.9,82,85.7,80,0.13,0.03,0.1,0.5,0.25,0.13,0,0.38,Matches
98,Liam Cooper,sco SCO,DF,Leeds United,29-188,1991,19.8,66,88,391.9,94.4,95,71.2,0,0,0,0,3.28,0.1,0,2.83,Matches
99,Jack Cork,eng ENG,MF,Burnley,31-254,1989,8.2,32.2,79.9,87,86.2,90.7,62.2,0,0.02,-0.02,0.37,1.95,0.24,0,2.32,Matches
100,Hélder Costa,pt POR,MF,Leeds United,27-053,1994,9.5,28.2,75,79.5,88.1,75.9,35,0.32,0.09,0.22,0.95,0.74,1.16,0.42,1.37,Matches
101,Vladimír Coufal,cz CZE,DF,West Ham,28-196,1992,21.9,47.5,71.4,298.3,86.8,74.7,44.6,0.14,0.13,0,1.28,2.74,1.23,0.64,3.84,Matches
102,Aaron Cresswell,eng ENG,DF,West Ham,31-081,1989,26,59.3,74.4,425.7,88.7,84.2,48.5,0.23,0.15,0.08,1.54,4.19,0.62,0.42,3.46,Matches
103,Patrick Cutrone,it ITA,"FW,MF",Wolves,23-062,1998,0.3,16.7,80,6.67,66.7,100,,0,0,0,0,0,0,0,0,Matches
104,Stuart Dallas,nir NIR,"DF,MF",Leeds United,29-321,1991,25.9,62.9,82.4,289.2,90.6,84,60,0.08,0.06,0.02,0.66,3.78,1.04,0.27,4.79,Matches
105,Scott Dann,eng ENG,DF,Crystal Palace,34-020,1987,12,44.3,85.7,354.7,91,93.7,61.5,0,0,0,0.08,1.67,0,0,2.17,Matches
106,Karl Darlow,eng ENG,GK,Newcastle Utd,30-149,1990,25,29,50.1,457.1,100,96.5,38.9,0,0,0,0.04,0.32,0,0,0,Matches
107,Ben Davies,wal WAL,DF,Tottenham,27-316,1993,14.6,52,78,277.8,90.2,84.8,41.6,0.07,0.04,0.03,0.48,2.74,0.62,0.27,2.81,Matches
108,Tom Davies,eng ENG,"MF,DF",Everton,22-249,1998,9.7,43.5,81.8,169.8,88.6,86.7,68.8,0,0.05,-0.05,0.31,2.27,0.72,0.21,2.68,Matches
109,Keinan Davis,eng ENG,FW,Aston Villa,23-021,1998,0.7,41.4,79.3,85.7,93.3,66.7,,0,0,0,1.43,0,2.86,0,2.86,Matches
110,Leif Davis,eng ENG,DF,Leeds United,21-053,2000,0.4,50,85,395,100,90.9,50,0,0,0,0,0,2.5,0,2.5,Matches
111,Craig Dawson,eng ENG,DF,West Ham,30-304,1990,11,32.9,79.6,175.6,93.3,90.3,58.1,0,0,0,0.09,1.91,0,0,1.45,Matches
112,Kevin De Bruyne,be BEL,MF,Manchester City,29-251,1991,18.4,63.5,75.7,272.7,84.8,82.1,60,0.6,0.4,0.2,3.26,5.87,3.37,0.33,7.72,Matches
113,Liam Delap,eng ENG,FW,Manchester City,18-026,2003,0.4,17.5,71.4,0,66.7,,,0,0,0,0,0,0,0,0,Matches
114,Fabian Delph,eng ENG,"MF,DF",Everton,31-105,1989,2.4,82.1,88.3,345.8,93.1,93.8,61.5,0,0,0,0.42,5.83,0.42,0,6.25,Matches
115,Leander Dendoncker,be BEL,"MF,DF",Wolves,25-325,1995,19.7,38.7,86.5,138.8,88.8,87.9,84.3,0,0.03,-0.03,0.76,2.18,0.25,0.1,2.13,Matches
116,Mbaye Diagne,sn SEN,FW,West Brom,29-129,1991,6.2,14,75.9,27.3,90.7,60.6,66.7,0.16,0.08,0.08,0.81,0.97,0.16,0.16,0.97,Matches
117,Ibrahima Diallo,fr FRA,MF,Southampton,21-363,1999,4.9,51.8,82.7,151,88.1,89.6,45.7,0,0.02,-0.02,0.61,1.43,0.2,0,2.45,Matches
118,Grady Diangana,eng ENG,"MF,FW",West Brom,22-321,1998,12.1,25.1,73.7,63.4,80.6,82,22.7,0,0.01,-0.01,0.33,1.16,0.5,0,1.9,Matches
119,Raphael Dias Belloli,br BRA,MF,Leeds United,24-082,1996,18,41.3,68,219.7,85.9,74.1,47.4,0.28,0.27,0.01,2.56,3.28,1.89,0.44,5.78,Matches
120,Rúben Dias,pt POR,DF,Manchester City,23-296,1997,23.8,85.1,93.6,452.7,94.7,96.5,85.2,0,0,0,0.08,5.25,0.21,0.04,3.78,Matches
121,Eric Dier,eng ENG,DF,Tottenham,27-050,1994,21,57.6,83.9,360,90,92.1,67.2,0,0.01,-0.01,0.14,2.48,0.24,0,2.33,Matches
122,Lucas Digne,fr FRA,"DF,MF",Everton,27-229,1993,17.8,59.4,72.3,305.3,86.1,76.6,46.6,0.34,0.16,0.17,1.29,2.47,1.07,0.79,3.82,Matches
123,Virgil van Dijk,nl NED,DF,Liverpool,29-241,1991,4.1,79.8,90.2,518.8,93.8,94.6,77.3,0,0,0,0,6.34,0,0,4.88,Matches
124,Issa Diop,fr FRA,DF,West Ham,24-056,1997,6.3,39.7,87.6,207.9,95.9,92.9,68.4,0,0,0,0,1.59,0,0,1.11,Matches
125,Moussa Djenepo,ml MLI,MF,Southampton,22-264,1998,11.5,29.1,72.2,84.9,81.8,80.6,51.9,0,0.04,-0.04,0.52,1.39,0.96,0.09,1.74,Matches
126,Matt Doherty,ie IRL,DF,Tottenham,29-049,1992,10.7,56.4,77.3,274.4,87.5,75.1,50,0.09,0.06,0.04,0.65,1.4,0.84,0.37,3.08,Matches
127,Gabriel Dos Santos,br BRA,DF,Arsenal,23-077,1997,14.2,71.3,86.6,350,91.1,93,68.9,0,0,0,0.07,3.59,0.07,0,2.11,Matches
128,Abdoulaye Doucouré,fr FRA,MF,Everton,28-064,1993,23.7,48.9,85.8,151.6,88.3,90.2,76.4,0.13,0.1,0.03,0.76,2.66,0.72,0.04,2.24,Matches
129,Martin Dúbravka,sk SVK,GK,Newcastle Utd,32-050,1989,1,33,72.7,672,100,100,55,0,0,0,0,1,0,0,0,Matches
130,Paul Dummett,wal WAL,DF,Newcastle Utd,29-161,1991,1.9,25.8,77.6,175.3,100,75,28.6,0,0,0,0,3.16,0,0,1.05,Matches
131,Lewis Dunk,eng ENG,DF,Brighton,29-105,1991,23,64.7,89.3,360.7,94,95.1,75.2,0,0.03,-0.03,0.3,3.52,0,0,2.3,Matches
132,Jimmy Dunne,ie IRL,DF,Burnley,23-138,1997,2,44.5,67.4,128,75,72.5,50,0,0.05,-0.05,1,0,0.5,0,0.5,Matches
133,Ederson,br BRA,GK,Manchester City,27-201,1993,26,29.7,83.2,394.4,95.5,99.2,61.3,0.04,0.02,0.02,0.04,0.12,0.08,0,0,Matches
134,Kyle Edwards,eng ENG,"MF,FW",West Brom,23-017,1998,1.3,26.9,85.7,70,100,92.3,0,0,0,0,0,2.31,0,0,2.31,Matches
135,John Egan,ie IRL,DF,Sheffield Utd,28-137,1992,21.1,37.7,83.8,240,90.4,89.9,69.7,0.05,0.01,0.04,0.09,2.89,0.24,0,2.32,Matches
136,Ahmed Elmohamady,eg EGY,DF,Aston Villa,33-178,1987,4.8,66.7,74.7,341.3,89.6,74.5,50,0,0.1,-0.1,1.67,2.92,2.5,1.04,3.33,Matches
137,Mohamed Elneny,eg EGY,MF,Arsenal,28-238,1992,11.9,57.9,92.6,216.3,94.6,95.2,84.8,0,0.02,-0.02,0.34,3.87,0.42,0,3.11,Matches
138,Jonny Evans,nir NIR,DF,Leicester City,33-062,1988,21.5,60.4,86.2,330.8,90.9,93,67.3,0.05,0.01,0.04,0.28,2.65,0,0,1.81,Matches
139,Eberechi Eze,eng ENG,MF,Crystal Palace,22-250,1998,20.5,40,78.4,149.8,88.8,79.8,45.7,0.15,0.08,0.06,1.32,2.54,1.12,0.15,4.1,Matches
140,Łukasz Fabiański,pl POL,GK,West Ham,35-322,1985,24,28.6,61.4,518.7,97.5,97.7,49,0,0,0,0,0.67,0,0,0,Matches
141,Fabinho,br BRA,"DF,MF",Liverpool,27-134,1993,18.4,78.8,91.9,396.1,94,95.8,79.4,0,0.02,-0.02,0.16,3.32,0.16,0.05,3.26,Matches
142,Bruno Fernandes,pt POR,MF,Manchester Utd,26-179,1994,25.4,66.5,73.7,281.5,83.5,80.7,57.1,0.39,0.37,0.02,2.95,5.51,2.91,0.28,6.97,Matches
143,Federico Fernández,ar ARG,DF,Newcastle Utd,32-013,1989,15.3,37.1,78.5,191.9,86.9,85.8,62.9,0,0.01,-0.01,0.2,0.92,0.13,0.07,0.98,Matches
144,Fernandinho,br BRA,MF,Manchester City,35-306,1985,7.8,80.6,86.8,322.2,90.9,89.6,71.9,0,0.04,-0.04,0.38,11.4,0.9,0.13,7.18,Matches
145,Sam Field,eng ENG,MF,West Brom,22-302,1998,0.7,32.9,65.2,58.6,71.4,80,33.3,0,0,0,0,1.43,0,0,2.86,Matches
146,Roberto Firmino,br BRA,FW,Liverpool,29-155,1991,23.8,39.9,79.8,108.1,85.2,79.5,70,0.21,0.16,0.05,1.22,2.27,1.09,0,3.7,Matches
147,John Fleck,sco SCO,MF,Sheffield Utd,29-194,1991,17.6,43.4,76.7,170.9,89.8,80.7,41,0.11,0.11,0.01,1.25,4.38,0.97,0.06,3.58,Matches
148,Phil Foden,eng ENG,"FW,MF",Manchester City,20-282,2000,13.7,46,81.4,114.9,90.3,83.1,47.7,0.22,0.24,-0.02,1.9,1.82,1.17,0.07,3.21,Matches
149,Wesley Fofana,fr FRA,DF,Leicester City,20-079,2000,15.7,59.7,86.2,300.3,89.1,91,73.2,0,0.01,-0.01,0.19,3.89,0,0,2.87,Matches
150,Pablo Fornals,es ESP,"FW,MF",West Ham,25-012,1996,19,34.6,76.9,123.8,87.8,75.5,60.5,0.16,0.1,0.06,0.95,2.26,1.11,0.16,3.37,Matches
151,Fraser Forster,eng ENG,GK,Southampton,32-354,1988,2,37.5,40,410.5,100,75,31.1,0,0,0,0,0.5,0,0,0,Matches
152,Timothy Fosu-Mensah,nl NED,DF,Manchester Utd,23-063,1998,0.9,83.3,86.7,286.7,88.2,94.1,50,0,0.33,-0.33,2.22,4.44,1.11,1.11,1.11,Matches
153,Ryan Fraser,sco SCO,"MF,FW",Newcastle Utd,27-010,1994,7.5,37.1,67.6,153.2,88.8,76.1,34.2,0.27,0.25,0.01,2.67,0.67,1.33,1.2,2.13,Matches
154,Fred,br BRA,MF,Manchester Utd,28-001,1993,18.4,65,87.3,273.8,91,91.5,79.5,0,0.1,-0.1,0.87,6.52,0.76,0,5.65,Matches
155,Ryan Fredericks,eng ENG,"DF,FW",West Ham,28-147,1992,4.9,44.7,71.7,169.6,85,68.8,33.3,0.2,0.24,-0.04,2.45,1.63,2.24,1.43,2.65,Matches
156,Christian Fuchs,at AUT,DF,Leicester City,34-333,1986,7.8,75.5,81.2,449.1,89.1,85.2,59.1,0,0,0,0.13,5.38,0.26,0.13,4.23,Matches
157,Darnell Furlong,eng ENG,DF,West Brom,25-126,1995,21.6,37.4,60,181.6,78.8,61.6,35,0.09,0.08,0.01,0.65,1.76,0.6,0.51,2.41,Matches
158,Conor Gallagher,eng ENG,MF,West Brom,21-028,2000,19.9,34.4,80.6,110.5,85.6,90.3,58.8,0.1,0.04,0.06,0.55,3.02,0.55,0.1,1.96,Matches
159,Eric García,es ESP,DF,Manchester City,20-056,2001,2.2,100.5,94.1,551.4,94.4,97.4,82.4,0,0.05,-0.05,0.91,9.09,0,0,5.45,Matches
160,Dwight Gayle,eng ENG,FW,Newcastle Utd,30-140,1990,2,19,81.6,25,89.5,86.7,0,0,0,0,0.5,0,0,0,0.5,Matches
161,David de Gea,es ESP,GK,Manchester Utd,30-119,1990,23.5,22.7,76.8,275.8,99.2,95.9,52.5,0,0,0,0,0.13,0,0,0,Matches
162,Anwar El Ghazi,nl NED,FW,Aston Villa,25-307,1995,9,36.1,68.6,124.2,80.7,70.6,42.6,0,0.19,-0.19,1.89,1.67,1.44,0.67,2.89,Matches
163,Kieran Gibbs,eng ENG,DF,West Brom,31-161,1989,9,34.6,71.7,159.6,88,72.9,38.9,0,0.03,-0.03,0.33,1.67,0.33,0.33,1.78,Matches
164,Morgan Gibbs-White,eng ENG,"FW,MF",Wolves,21-038,2000,1.1,50.9,78.6,126.4,87.5,92.3,37.5,0,0.09,-0.09,2.73,2.73,0,0,4.55,Matches
165,Billy Gilmour,sco SCO,MF,Chelsea,19-268,2001,0.4,90,83.3,147.5,88.9,72.2,100,0,0,0,0,5,0,0,0,Matches
166,Olivier Giroud,fr FRA,FW,Chelsea,34-157,1986,7.9,25.2,75.4,27.7,78.7,68.6,100,0,0.09,-0.09,0.89,0.76,0.13,0,0.76,Matches
167,Ben Godfrey,eng ENG,DF,Everton,23-050,1998,18.7,42.1,84.1,175.3,87.5,90.7,65.9,0.05,0,0.05,0,2.14,0.16,0.05,1.55,Matches
168,André Gomes,pt POR,MF,Everton,27-219,1993,13.3,51.3,83.6,196.8,87,89.6,71.2,0.08,0.02,0.05,0.68,4.51,0.68,0.08,4.21,Matches
169,Joe Gomez,eng ENG,DF,Liverpool,23-287,1997,6.6,80.8,90.2,464.5,93.4,94,80.3,0,0,0,0.15,4.55,0,0,5.76,Matches
170,Anthony Gordon,eng ENG,"FW,MF",Everton,20-010,2001,1,26,84.6,94,92.3,100,50,0,0,0,1,1,2,0,3,Matches
171,Karlan Grant,eng ENG,"FW,MF",West Brom,23-169,1997,12,18,72.2,25.6,78.6,85.7,50,0,0,0,0,0.33,0.33,0,0.67,Matches
172,Demarai Gray,eng ENG,FW,Leicester City,24-251,1996,0.2,60,58.3,70,100,100,0,0,0,0,0,5,0,0,5,Matches
173,Jack Grealish,eng ENG,"FW,MF",Aston Villa,25-177,1995,22,45.5,78.1,211.5,84.4,85,60.4,0.45,0.37,0.09,3.45,3.32,2.86,0.18,6.82,Matches
174,Mason Greenwood,eng ENG,FW,Manchester Utd,19-156,2001,13.2,35.2,84.1,77.7,91,85.4,63.3,0.08,0.06,0.02,0.68,1.21,0.83,0.15,2.05,Matches
175,Pascal Groß,de GER,MF,Brighton,29-264,1991,15.9,62.6,76.3,266.5,83.7,84.9,56.3,0.25,0.25,0,2.83,3.9,2.08,0.82,5.03,Matches
176,Kamil Grosicki,pl POL,"FW,MF",West Brom,32-271,1988,1.6,30.6,65.3,106.9,81.3,75,20,0.63,0.06,0.56,1.88,2.5,0.63,0,3.13,Matches
177,Vicente Guaita,es ESP,GK,Crystal Palace,34-055,1987,27,28.4,55.7,418.1,98.3,96.6,40.6,0,0,0,0,0.3,0,0,0,Matches
178,İlkay Gündoğan,de GER,MF,Manchester City,30-133,1990,17.3,72.3,90.2,210.2,94.4,92.2,72.4,0.06,0.2,-0.14,1.62,5.9,1.45,0,5.61,Matches
179,Antwoine Hackford,eng ENG,"DF,FW",Sheffield Utd,16-351,2004,0.1,10,100,0,,,,0,0,0,0,0,0,0,0,Matches
180,Sébastien Haller,ci CIV,FW,West Ham,26-257,1994,10.4,24.2,67.9,50.5,72.3,72.3,60.7,0,0.12,-0.12,0.87,1.25,0.48,0.1,1.83,Matches
181,Rekeem Harper,eng ENG,MF,West Brom,20-363,2000,0.4,40,81.3,82.5,83.3,100,33.3,0,0,0,0,5,0,0,2.5,Matches
182,Jack Harrison,eng ENG,MF,Leeds United,24-106,1996,21.7,37.2,69,139.1,79,78.2,40.5,0.18,0.2,-0.02,1.89,1.11,2.12,0.55,3.46,Matches
183,Kortney Hause,eng ENG,DF,Aston Villa,25-233,1995,4,35.3,74.5,154,75.9,85.1,52.9,0,0,0,0,2,0,0,1.5,Matches
184,Kai Havertz,de GER,"MF,FW",Chelsea,21-268,1999,11,49.5,85,100.6,90.3,85.7,76.9,0.18,0.12,0.06,1.18,2.91,1.18,0.18,2.91,Matches
185,Isaac Hayden,eng ENG,"MF,DF",Newcastle Utd,25-349,1995,19.1,37.3,80.3,131.7,86.5,87,67.6,0,0.02,-0.02,0.21,2.2,0.1,0.05,1.83,Matches
186,Michael Hector,jm JAM,DF,Fulham,28-230,1992,2.9,60.3,79.4,452.8,84,94,60.9,0,0,0,0.34,3.45,0.34,0,3.79,Matches
187,Ahmed Hegazi,eg EGY,DF,West Brom,30-040,1991,1,52,71.2,381,84.6,72,61.5,0,0,0,0,1,0,0,2,Matches
188,Dean Henderson,eng ENG,GK,Manchester Utd,23-359,1997,3.5,21.7,78.9,217.4,100,100,50,0,0,0,0,0,0,0,0,Matches
189,Jordan Henderson,eng ENG,"MF,DF",Liverpool,30-262,1990,18.9,96,86.7,454.8,92,94.4,66.4,0.05,0.07,-0.02,0.63,10.8,1.59,0.05,7.67,Matches
190,Jeff Hendrick,ie IRL,MF,Newcastle Utd,29-034,1992,14.5,33.8,80.6,117.3,85.2,89.5,65.7,0.07,0.05,0.02,0.28,1.86,0.34,0.07,2.34,Matches
191,Pablo Hernández,es ESP,MF,Leeds United,35-329,1985,3.8,82.6,74.5,397.6,81.4,81,66.1,0.53,0.16,0.37,1.32,9.74,2.89,0.26,13.2,Matches
192,Son Heung-min,kr KOR,FW,Tottenham,28-241,1992,24.9,32.6,75.7,95.6,85.6,79.1,46.1,0.32,0.27,0.05,2.17,0.96,0.8,0.08,1.89,Matches
193,Ki-Jana Hoever,nl NED,DF,Wolves,19-047,2002,4.4,52.3,74.8,230.2,89.1,69.5,56.5,0,0.02,-0.02,0.45,1.82,0.68,0.23,2.27,Matches
194,Rob Holding,eng ENG,DF,Arsenal,25-167,1995,20.4,61.9,88.8,340,95.3,93.1,74.9,0.05,0.01,0.04,0.2,3.87,0.29,0,3.68,Matches
195,Mason Holgate,eng ENG,DF,Everton,24-135,1996,15.8,49.8,77.6,300.7,87.2,84.8,59.6,0,0.01,-0.01,0.32,2.22,0.57,0.25,2.66,Matches
196,Conor Hourihane,ie IRL,MF,Aston Villa,30-032,1991,2.5,62,74.8,222.8,88.6,81.3,58.7,0.4,0.32,0.08,1.6,7.2,0.8,0.4,3.6,Matches
197,Callum Hudson-Odoi,eng ENG,"FW,DF",Chelsea,20-119,2000,9.1,54.3,81,174.6,87.9,83.7,63,0.22,0.25,-0.03,2.64,1.87,2.86,0.99,4.29,Matches
198,Niall Huggins,wal WAL,DF,Leeds United,20-078,2000,0.4,57.5,73.9,142.5,78.6,100,0,0,0,0,0,2.5,0,0,0,Matches
199,Pierre Højbjerg,dk DEN,MF,Tottenham,25-213,1995,26,71.2,88.5,322,90.6,91,77.8,0.12,0.05,0.07,0.46,6.58,0.5,0.04,5.12,Matches
200,Odion Ighalo,ng NGA,FW,Manchester Utd,31-263,1989,0.1,10,100,0,100,,,0,0,0,0,0,0,0,0,Matches
201,Kelechi Iheanacho,ng NGA,FW,Leicester City,24-154,1996,6.1,24.6,79.3,36.7,87.5,82.1,40,0,0.13,-0.13,1.15,1.31,0.82,0,1.31,Matches
202,Danny Ings,eng ENG,FW,Southampton,28-226,1992,18.6,21.2,64.5,55.9,76.1,64,45.7,0.16,0.11,0.05,0.91,0.91,0.81,0.27,1.83,Matches
203,Branislav Ivanović,rs SRB,DF,West Brom,37-012,1984,8.4,36.8,85.8,169.8,90.4,90.7,73.2,0,0.01,-0.01,0.12,1.31,0.36,0,1.19,Matches
204,Alex Iwobi,ng NGA,"FW,DF",Everton,24-307,1996,13.1,40.8,75.5,171.1,86.5,78,58.3,0.15,0.13,0.02,0.92,1.6,1.83,0.61,3.97,Matches
205,Phil Jagielka,eng ENG,DF,Sheffield Utd,38-201,1982,4.8,30.8,75,129.4,85.7,79.2,66.1,0,0,0,0,0.83,0,0,1.04,Matches
206,Alireza Jahanbakhsh,ir IRN,"FW,MF",Brighton,27-207,1993,2.9,39.7,73,105.2,85.1,74.4,60,0.34,0.62,-0.28,2.41,1.03,2.76,1.03,2.76,Matches
207,Daniel James,wal WAL,FW,Manchester Utd,23-116,1997,6.1,33.4,76,81.3,80.8,77,60,0,0.05,-0.05,0.82,0.82,1.31,0.33,2.62,Matches
208,Reece James,eng ENG,DF,Chelsea,21-088,1999,17.9,75.6,83.7,295.6,91.6,89,62,0.11,0.12,-0.01,1.4,3.3,2.12,1.17,4.92,Matches
209,Alexandre Jankewitz,ch SUI,MF,Southampton,19-071,2001,0,3,66.7,25,100,100,,0,0,0,0,0,1,0,1,Matches
210,Gabriel Jesus,br BRA,FW,Manchester City,23-337,1997,14.7,30.6,83.8,34.8,88.8,84.8,61.5,0.2,0.17,0.03,1.22,0.95,0.48,0,1.02,Matches
211,Raúl Jiménez,mx MEX,FW,Wolves,29-305,1991,9.1,28.9,78.7,61.6,84,81.3,68.8,0,0.09,-0.09,0.88,1.76,0.99,0,2.09,Matches
212,Joelinton,br BRA,"FW,MF",Newcastle Utd,24-204,1996,14.1,29.9,73.9,60.5,83.5,73.4,55.6,0.14,0.09,0.05,0.85,0.99,0.43,0.07,1.13,Matches
213,Ben Johnson,eng ENG,DF,West Ham,21-041,2000,3.6,33.3,74.2,168.3,91.5,65.7,44.4,0,0,0,0.28,2.22,0,0,2.22,Matches
214,Sam Johnstone,eng ENG,GK,West Brom,27-346,1993,26,34.2,51.6,488.8,100,95.3,39.8,0,0,0,0,0.69,0,0,0,Matches
215,Curtis Jones,eng ENG,MF,Liverpool,20-035,2001,12.1,74.3,91.3,243.7,93.4,95.1,80.8,0.08,0.09,-0.01,0.99,7.85,1.82,0.17,5.37,Matches
216,Jorginho,it ITA,MF,Chelsea,29-076,1991,14,77.1,89.1,295.3,91.6,91.8,76.4,0.07,0.1,-0.03,1.07,6.79,0.86,0,4.79,Matches
217,Willian José,br BRA,FW,Wolves,29-103,1991,5.7,21.9,82.4,37.4,84.2,87.8,93.3,0,0.05,-0.05,1.05,1.05,0.18,0,1.23,Matches
218,Diogo Jota,pt POR,"FW,MF",Liverpool,24-092,1996,5.9,37.3,80.5,112.4,89.1,75.7,71.4,0,0.2,-0.2,1.02,3.05,0.68,0,3.56,Matches
219,James Justin,eng ENG,DF,Leicester City,23-011,1998,23,54.3,79.2,240.3,89,83,48.2,0.04,0.07,-0.03,0.78,2.43,1.43,0.3,4,Matches
220,Ozan Kabak,tr TUR,DF,Liverpool,20-346,2000,4,67.3,91.8,332,95.1,96.9,76.3,0,0,0,0,2.25,0,0,2,Matches
221,Aboubakar Kamara,fr FRA,"FW,DF",Fulham,25-364,1995,3.5,36.6,71.9,116.9,80.7,85.4,33.3,0,0.11,-0.11,1.71,1.14,1.14,0.29,3.14,Matches
222,Harry Kane,eng ENG,FW,Tottenham,27-221,1993,23.4,26.5,71.5,127.9,78.1,76,64.3,0.47,0.22,0.25,1.45,3.42,1.37,0.26,4.44,Matches
223,N'Golo Kanté,fr FRA,MF,Chelsea,29-342,1991,20,63.5,86.8,226.6,89.5,90.8,74.5,0.1,0.05,0.05,0.9,4.3,0.55,0.05,4.2,Matches
224,Moise Kean,it ITA,FW,Everton,21-006,2000,0.2,45,77.8,0,66.7,100,100,0,0,0,0,0,0,0,0,Matches
225,Michael Keane,eng ENG,DF,Everton,28-054,1993,23.2,58.8,88.6,369.1,91.4,95.1,72.1,0.04,0.03,0.01,0.22,3.23,0.13,0,2.72,Matches
226,Neeskens Kebano,cd COD,"FW,MF",Fulham,28-361,1992,1.3,32.3,78.6,76.2,100,54.5,33.3,0,0,0,0,0.77,0,0,1.54,Matches
227,Naby Keïta,gn GUI,MF,Liverpool,26-024,1995,4.5,60.4,88.2,195.3,87.3,94.5,80.8,0,0.13,-0.13,0.67,5.11,1.78,0,5.56,Matches
228,Caoimhín Kelleher,ie IRL,GK,Liverpool,22-103,1998,2,31,82.3,366,100,100,63.3,0,0,0,0,0,0,0,0,Matches
229,Jonjoe Kenny,eng ENG,DF,Everton,23-356,1997,0.9,67.8,77,245.6,96.6,65,75,0,0,0,0,3.33,1.11,0,4.44,Matches
230,Reda Khadra,de GER,FW,Brighton,19-245,2001,0.1,10,0,0,0,,,0,0,0,0,0,0,0,0,Matches
231,Max Kilman,eng ENG,DF,Wolves,23-287,1997,12.5,49.4,87.7,291,94.6,92.4,57,0.08,0.04,0.04,0.32,3.92,0.08,0,2.72,Matches
232,Joshua King,no NOR,"MF,FW",Everton,29-050,1992,0.9,22.2,60,21.1,53.8,100,0,0,0,0,0,0,0,0,1.11,Matches
233,Mateusz Klich,pl POL,MF,Leeds United,30-266,1990,22.5,58.7,79.5,212.5,87,84.1,61,0.22,0.16,0.07,1.78,4.22,1.73,0.27,5.82,Matches
234,Robin Koch,de GER,DF,Leeds United,24-232,1996,10.1,66.6,85.9,371.1,85.8,94.8,62.4,0,0.02,-0.02,0.4,3.17,0.2,0,3.76,Matches
235,Sead Kolašinac,ba BIH,DF,Arsenal,27-259,1993,1,64,84.4,177,85.7,91.7,33.3,0,0,0,0,3,1,0,4,Matches
236,Ezri Konsa,eng ENG,DF,Aston Villa,23-134,1997,22.5,34,86.3,151.4,86.3,92.7,73.3,0,0,0,0,1.07,0.04,0,0.84,Matches
237,Cheikhou Kouyaté,sn SEN,DF,Crystal Palace,31-075,1989,23.7,37.7,78.6,182.3,84.2,86.9,60.5,0,0,0,0.13,1.05,0.08,0.04,1.01,Matches
238,Mateo Kovačić,hr CRO,MF,Chelsea,26-304,1994,16,82.9,91.6,347,93.5,94.6,82.9,0.06,0.09,-0.03,1.06,8.19,1.06,0,7.69,Matches
239,Emil Krafth,se SWE,DF,Newcastle Utd,26-216,1994,7.7,40,70.1,210,81.8,68.1,45.5,0,0.01,-0.01,0.52,1.43,0.13,0.13,1.69,Matches
240,Filip Krovinović,hr CRO,MF,West Brom,25-189,1995,6.1,59.8,84.4,247.7,89.7,86.4,70.5,0,0.05,-0.05,0.82,6.07,1.15,0,6.56,Matches
241,Alexandre Lacazette,fr FRA,FW,Arsenal,29-282,1991,15.7,23.2,77.5,52.6,80.3,85,56.3,0.13,0.12,0.01,0.89,0.96,0.96,0,2.1,Matches
242,Adam Lallana,eng ENG,"MF,FW",Brighton,32-300,1988,10.2,46.6,81.7,122.5,90.5,80.6,61.7,0.1,0.25,-0.16,2.16,2.84,1.57,0.29,3.33,Matches
243,Érik Lamela,ar ARG,"FW,MF",Tottenham,29-002,1992,5.8,45.7,77.7,127.6,87,83.9,63,0,0.16,-0.16,1.03,2.59,1.03,0,3.1,Matches
244,Tariq Lamptey,eng ENG,DF,Brighton,20-157,2000,9.8,51,78,174.6,89.3,75,57.1,0.1,0.11,-0.01,1.12,1.22,1.22,0.71,2.76,Matches
245,Manuel Lanzini,ar ARG,"MF,FW",West Ham,28-019,1993,4.2,49.8,84.7,133.1,87.2,90.8,57.9,0.24,0.14,0.1,1.9,2.86,0.95,0,2.62,Matches
246,Aymeric Laporte,fr FRA,DF,Manchester City,26-283,1994,9.4,86.5,90.9,441.6,93.8,95.1,76.9,0,0.02,-0.02,0.21,6.7,0.11,0,4.15,Matches
247,Jamaal Lascelles,eng ENG,DF,Newcastle Utd,27-115,1993,14.1,33.5,81.8,181.5,89.9,90.3,59,0,0,0,0.07,1.63,0.21,0,1.77,Matches
248,Maxime Le Marchand,fr FRA,DF,Fulham,31-146,1989,1.4,58.6,95.1,458.6,100,95.6,88.9,0,0,0,0,2.14,0.71,0,4.29,Matches
249,Mario Lemina,ga GAB,MF,Fulham,27-186,1993,10.4,50.1,86.4,204.5,88,89.8,73.3,0,0.05,-0.05,0.58,3.46,0.77,0.1,3.27,Matches
250,Bernd Leno,de GER,GK,Arsenal,29-002,1992,24.8,34.2,81.5,333.1,100,99.7,48.2,0,0,0,0,0.16,0,0,0.08,Matches
251,Jamal Lewis,nir NIR,DF,Newcastle Utd,23-040,1998,20.3,40.9,76.1,223.1,88,80.6,49.6,0.05,0.08,-0.03,0.74,1.67,0.79,0.49,1.58,Matches
252,Victor Lindelöf,se SWE,DF,Manchester Utd,26-232,1994,19.7,64.5,90.9,364.9,93.8,95.5,72.3,0.05,0.03,0.03,0.25,3.71,0.15,0,3.2,Matches
253,Jesse Lingard,eng ENG,"FW,MF",West Ham,28-081,1992,4.9,37.3,79.8,140.6,90,82,62.1,0.2,0.06,0.14,0.82,3.47,1.22,0.61,3.67,Matches
254,Jake Livermore,eng ENG,MF,West Brom,31-112,1989,13.6,27.6,74.5,83.2,82.1,75.9,58.3,0,0.01,-0.01,0.37,2.13,0.15,0.07,1.76,Matches
255,Diego Llorente,es ESP,DF,Leeds United,27-202,1993,3,61.3,79.9,295.3,82.8,86.8,63.9,0,0.03,-0.03,0.33,1.67,0,0,2,Matches
256,Hugo Lloris,fr FRA,GK,Tottenham,34-070,1986,26,27.9,70.2,374.3,99.3,98.3,48.3,0,0,0,0,0.08,0,0,0,Matches
257,Giovani Lo Celso,ar ARG,"MF,FW",Tottenham,24-331,1996,4.9,49.2,73.9,173.3,85.7,75.9,60.8,0.2,0.2,0,1.84,3.67,1.02,0,4.29,Matches
258,Ruben Loftus-Cheek,eng ENG,"MF,FW",Fulham,25-042,1996,17.2,33.5,83.7,99.7,87.2,88.4,72,0,0.08,-0.08,0.76,2.73,0.58,0.12,3.49,Matches
259,Ruben Loftus-Cheek,eng ENG,FW,Chelsea,25-042,1996,0.7,22.9,68.8,31.4,100,80,33.3,0,0,0,0,1.43,0,0,1.43,Matches
260,Kevin Long,ie IRL,DF,Burnley,30-200,1990,7.1,35.9,71,195.4,80.4,79.1,57.5,0,0,0,0,1.27,0.28,0,2.11,Matches
261,Shane Long,ie IRL,"FW,MF",Southampton,34-043,1987,2.3,25.7,64.4,73,79.4,50,100,0,0,0,0,1.3,0,0,1.74,Matches
262,Matthew Longstaff,eng ENG,MF,Newcastle Utd,20-350,2000,4.2,35.2,79.1,81.2,82.8,88,63.3,0,0.02,-0.02,0.48,0.95,0.24,0.24,0.71,Matches
263,Sean Longstaff,eng ENG,MF,Newcastle Utd,23-127,1997,9.2,39,80.8,157.1,89,89.5,65.7,0,0.02,-0.02,0.43,3.37,0.22,0.11,3.26,Matches
264,Ademola Lookman,eng ENG,"FW,MF",Fulham,23-137,1997,22.4,38.3,77.5,144.2,86.1,82.2,54.9,0.13,0.15,-0.02,1.92,1.65,1.38,0.22,3.53,Matches
265,Max Lowe,eng ENG,DF,Sheffield Utd,23-299,1997,6.1,36.6,65,125.9,79.8,66.7,38.2,0,0.03,-0.03,0.49,2.3,0.82,0.16,2.62,Matches
266,Matthew Lowton,eng ENG,DF,Burnley,31-270,1989,23,44.2,69.2,272.7,89.3,73,43.8,0,0.07,-0.07,0.7,3.57,1.13,0.3,3.87,Matches
267,David Luiz,br BRA,DF,Arsenal,33-318,1987,11.9,64.1,83.5,332.7,91.4,92.4,67,0,0.03,-0.03,0.17,3.95,0.5,0,3.78,Matches
268,Douglas Luiz,br BRA,MF,Aston Villa,22-301,1998,20.3,45,84.7,173.5,89.2,89.9,76.5,0.1,0.06,0.04,0.74,3.74,0.59,0.15,3.25,Matches
269,John Lundstram,eng ENG,MF,Sheffield Utd,27-016,1994,18.3,47.5,80.6,156.1,92.7,87,48.8,0.11,0.07,0.04,0.98,3.01,0.55,0.05,3.06,Matches
270,Alexis Mac Allister,ar ARG,"MF,FW",Brighton,22-072,1998,8.3,32,80.5,112.2,84.7,83.2,74.2,0.12,0.23,-0.11,1.2,2.29,1.45,0,3.37,Matches
271,James Maddison,eng ENG,"MF,FW",Leicester City,24-103,1996,18.1,46.4,75.1,172.8,87.5,81.1,48.2,0.28,0.21,0.07,2.32,3.37,1.27,0.11,4.09,Matches
272,Harry Maguire,eng ENG,DF,Manchester Utd,28-001,1993,27,65.7,88.8,375.7,90.3,92.9,79.1,0.04,0.01,0.03,0.22,5.74,0.22,0,2.93,Matches
273,Riyad Mahrez,dz ALG,FW,Manchester City,30-013,1991,16.4,50.9,83.1,145,91.4,86.6,57.6,0.24,0.32,-0.07,2.07,1.52,2.44,0.37,4.09,Matches
274,Ainsley Maitland-Niles,eng ENG,DF,Arsenal,23-189,1997,5.4,53.3,78.5,203.5,86.5,86.1,52.4,0,0.04,-0.04,0.56,2.78,0.56,0.19,2.59,Matches
275,Ainsley Maitland-Niles,eng ENG,MF,West Brom,23-189,1997,5,30.6,77.8,104.2,87,73.2,61.5,0,0.1,-0.1,0.6,1.2,0.6,0,2.2,Matches
276,Josh Maja,ng NGA,FW,Fulham,22-069,1998,4.9,19.2,88.3,14.7,93.8,96.6,88.9,0,0.12,-0.12,0.82,0,0.41,0,0.61,Matches
277,Sadio Mané,sn SEN,FW,Liverpool,28-330,1992,22.8,33.6,73.9,84.1,79.9,76.8,71.3,0.13,0.16,-0.03,1.67,1.14,1.97,0.22,3.16,Matches
278,Javier Manquillo,es ESP,DF,Newcastle Utd,26-305,1994,8,42.1,74.5,211.1,93.1,69.8,45.3,0,0.03,-0.03,0.5,1.63,0.5,0.25,2.13,Matches
279,Fernando Marçal,br BRA,DF,Wolves,32-015,1989,6.8,52.6,83.2,293.4,93.8,84.3,60,0,0.01,-0.01,0.44,2.21,0.29,0.15,3.53,Matches
280,Solly March,eng ENG,DF,Brighton,26-229,1994,18.6,52.4,69.8,232.7,85.3,74.6,45.9,0.05,0.09,-0.04,1.45,2.1,1.83,0.7,4.14,Matches
281,Pablo Marí,es ESP,DF,Arsenal,27-187,1993,5,57,87.7,242.2,94.6,95.8,63.9,0,0,0,0,1.2,0,0,1.8,Matches
282,Anthony Martial,fr FRA,FW,Manchester Utd,25-091,1995,15.5,29.9,82.1,66.5,88.5,82.2,78.9,0.19,0.13,0.06,0.9,1.68,0.9,0,2.58,Matches
283,Martinelli,br BRA,FW,Arsenal,19-261,2001,2.3,17.4,72.5,70,79.2,80,50,0,0,0,0.43,0.43,0.43,0,1.74,Matches
284,Emiliano Martínez,ar ARG,GK,Aston Villa,28-185,1992,25,34.4,63.7,505.1,100,99.6,43.4,0,0.01,-0.01,0.08,0.64,0,0,0,Matches
285,Arthur Masuaku,cd COD,DF,West Ham,27-119,1993,9.4,51.7,80,238.9,90.5,77.7,61.7,0.11,0.17,-0.06,1.17,2.34,1.6,1.06,3.4,Matches
286,Juan Mata,es ESP,FW,Manchester Utd,32-312,1988,3.8,50.8,82.9,160,91.6,83.3,60,0.53,0.21,0.32,2.11,3.42,0.79,0.26,3.95,Matches
287,Jean-Philippe Mateta,fr FRA,FW,Crystal Palace,23-251,1997,1.7,18.8,71.9,37.6,94.7,40,,0,0,0,0.59,0.59,0,0,1.76,Matches
288,Nemanja Matić,rs SRB,MF,Manchester Utd,32-217,1988,10.1,79.4,91.4,376.8,93.8,93,84,0,0.03,-0.03,0.59,7.33,0.79,0.2,7.13,Matches
289,Joël Matip,cm CMR,DF,Liverpool,29-210,1991,7.7,68.4,88.4,335.8,93.4,94.4,70.2,0.26,0.13,0.13,0.26,3.9,0.13,0,1.95,Matches
290,Neal Maupay,fr FRA,"FW,MF",Brighton,24-204,1996,19.9,22.9,79.8,49,85.7,86.7,55.3,0.05,0.12,-0.07,1.11,1.26,0.9,0.05,1.56,Matches
291,James McArthur,sco SCO,MF,Crystal Palace,33-150,1987,16.3,47.2,81.4,208.1,86.3,88.4,64.6,0.12,0.06,0.07,0.8,3.8,0.37,0,3.56,Matches
292,Oliver McBurnie,sco SCO,FW,Sheffield Utd,24-275,1996,13.2,28,62.6,69.4,67.3,61.5,60,0,0.08,-0.08,1.06,1.44,1.06,0,2.8,Matches
293,Alex McCarthy,eng ENG,GK,Southampton,31-093,1989,24,35.6,63.3,378.6,99.3,98.7,34.5,0,0,0,0,0.29,0.08,0,0,Matches
294,James McCarthy,ie IRL,MF,Crystal Palace,30-114,1990,6,37.3,77.2,122.5,82.6,83.5,64.8,0,0.02,-0.02,0.5,1.67,0.5,0.33,2.5,Matches
295,John McGinn,sco SCO,MF,Aston Villa,26-139,1994,24,37.6,77.1,209.8,86,82.5,64.4,0.17,0.09,0.08,0.92,5,1.17,0.21,5,Matches
296,David McGoldrick,ie IRL,"FW,MF",Sheffield Utd,33-097,1987,17.4,34.6,75.7,80.5,78.8,76.9,75,0.06,0.06,-0.01,0.57,2.24,0.75,0.17,2.18,Matches
297,Dwight McNeil,eng ENG,MF,Burnley,21-104,1999,23.7,37.4,70,143.8,85.8,80.8,48.8,0.13,0.15,-0.03,1.22,2.11,1.14,0.8,1.98,Matches
298,Scott McTominay,sco SCO,MF,Manchester Utd,24-088,1996,15.9,52.6,86.7,228.3,90.3,89.6,76.1,0.06,0.05,0.01,0.69,4.59,0.44,0,4.15,Matches
299,Ben Mee,eng ENG,DF,Burnley,31-164,1989,19.9,35.9,74.9,239.8,83.9,84.8,56.4,0,0.01,-0.01,0.15,1.31,0,0,1.71,Matches
300,Benjamin Mendy,fr FRA,DF,Manchester City,26-232,1994,5.6,68,81.4,277.9,86.5,89.3,57.1,0,0,0,0.18,2.68,0.54,0.18,4.64,Matches
301,Edouard Mendy,sn SEN,GK,Chelsea,29-005,1992,22,33.7,84.5,363.7,98.6,98.7,62.8,0,0,0,0,0.18,0,0,0,Matches
302,Nampalys Mendy,fr FRA,MF,Leicester City,28-256,1992,15.2,60.3,91.4,196.1,93,93.8,78.9,0.07,0.02,0.05,0.33,4.93,0,0,3.16,Matches
303,Illan Meslier,fr FRA,GK,Leeds United,21-004,2000,25,38.3,83.9,382.8,99,98.7,59.7,0,0,0,0.04,0.08,0,0,0,Matches
304,Luka Milivojević,rs SRB,MF,Crystal Palace,29-333,1991,18.6,49.9,81.6,249.5,89.1,85.4,66.8,0,0.05,-0.05,0.7,3.87,0.48,0.05,4.3,Matches
305,James Milner,eng ENG,"MF,DF",Liverpool,35-061,1986,7.2,84,85.3,382.4,92.1,90.9,75,0.14,0.15,-0.01,1.39,6.67,2.5,0.69,7.64,Matches
306,Yerry Mina,co COL,DF,Everton,26-164,1994,18.2,57.5,90.5,286.5,93.7,95.2,74,0,0,0,0,2.42,0,0,2.25,Matches
307,Takumi Minamino,jp JPN,"MF,FW",Liverpool,26-049,1995,3.3,42.1,79.9,100.6,90.4,81.6,25,0,0,0,0,3.33,0.61,0,1.21,Matches
308,Takumi Minamino,jp JPN,MF,Southampton,26-049,1995,2.9,34.8,70.3,50.3,85.7,71,18.2,0,0,0,0,1.72,0,0,1.72,Matches
309,Tyrone Mings,eng ENG,DF,Aston Villa,27-358,1993,23.5,46.5,78.8,326,88.1,91,56.6,0.04,0.01,0.03,0.21,3.45,0.09,0,3.23,Matches
310,Tyrick Mitchell,eng ENG,DF,Crystal Palace,21-186,1999,13,41.9,70.5,311.3,85.3,72.9,42.9,0,0.02,-0.02,0.15,2.85,0.62,0.31,3.31,Matches
311,Aleksandar Mitrović,rs SRB,FW,Fulham,26-171,1994,11.6,24.5,76.8,41.7,83,73.5,61.1,0.26,0.2,0.06,1.55,0.78,0.86,0.09,1.38,Matches
312,Jakub Moder,pl POL,MF,Brighton,21-333,1999,0.1,80,50,170,60,100,0,0,0,0,0,0,0,0,0,Matches
313,Jayson Molumby,ie IRL,MF,Brighton,21-212,1999,0,1,0,0,,,0,0,0,0,0,0,0,0,0,Matches
314,Wes Morgan,jm JAM,DF,Leicester City,37-044,1984,0.2,25,100,390,100,100,,0,0,0,0,0,0,0,10,Matches
315,Mason Mount,eng ENG,"MF,FW",Chelsea,22-055,1999,23.6,58.6,82.9,235.5,91,87.4,66.7,0.13,0.2,-0.08,2.92,4.66,1.65,0.21,5.68,Matches
316,Lucas Moura,br BRA,"FW,MF",Tottenham,28-205,1992,9.3,36.9,73.8,93.3,82.3,79.6,38.5,0.11,0.05,0.05,0.54,1.61,0.54,0.11,2.37,Matches
317,Lys Mousset,fr FRA,FW,Sheffield Utd,25-026,1996,2.3,15.2,80,34.8,72.7,90.9,100,0,0.13,-0.13,1.3,1.74,0,0,0.87,Matches
318,João Moutinho,pt POR,MF,Wolves,34-179,1986,20.6,61.5,84.6,246.1,92.3,90.8,67.4,0.05,0.09,-0.04,1.46,3.79,0.58,0.19,4.17,Matches
319,Joel Mumbongo,se SWE,FW,Burnley,22-056,1999,0.4,12.5,80,0,100,,,0,0,0,0,0,0,0,0,Matches
320,Jacob Murphy,eng ENG,"DF,FW",Newcastle Utd,26-010,1995,8.7,28.6,63.9,119.1,79.3,69,39.2,0.11,0.1,0.01,1.03,1.03,1.95,0.46,2.3,Matches
321,Shkodran Mustafi,de GER,DF,Arsenal,28-323,1992,0.5,96,85.4,420,100,91.2,66.7,0,0,0,0,4,0,0,8,Matches
322,Marvelous Nakamba,zw ZIM,MF,Aston Villa,27-046,1994,4.9,35.9,86.9,139.4,90.7,90.1,67.9,0,0,0,0.2,2.45,0,0,1.22,Matches
323,Wilfred Ndidi,ng NGA,"MF,DF",Leicester City,24-080,1996,13.6,53.6,88.2,209.3,87.6,93.3,81.7,0.15,0.07,0.08,0.66,2.43,0.07,0,1.99,Matches
324,Tanguy Ndombele,fr FRA,MF,Tottenham,24-068,1996,17.9,51.2,84.6,183.9,88.5,83.9,77.6,0.06,0.11,-0.05,0.73,4.36,0.89,0,4.41,Matches
325,Reiss Nelson,eng ENG,FW,Arsenal,21-086,1999,0.8,37.5,56.7,117.5,100,66.7,22.2,0,0,0,0,2.5,1.25,0,2.5,Matches
326,Pedro Neto,pt POR,"FW,MF",Wolves,20-362,2000,25,42.1,78.6,112.8,91.2,81.6,50,0.2,0.22,-0.02,2.16,1.2,1.32,0.88,1.64,Matches
327,Rúben Neves,pt POR,MF,Wolves,23-358,1997,21.3,62.3,84.3,268.7,86.1,90,77.4,0.05,0.08,-0.03,0.99,6.15,0.8,0.09,4.41,Matches
328,Eddie Nketiah,eng ENG,FW,Arsenal,21-280,1999,3.6,18.9,79.4,17.8,81.3,76.5,100,0.28,0.17,0.11,0.83,0,0.28,0,0.28,Matches
329,Niels Nkounkou,fr FRA,DF,Everton,20-125,2000,0.8,36.3,82.8,111.3,100,77.8,66.7,0,0,0,0,2.5,0,0,1.25,Matches
330,Dan Nlundulu,eng ENG,FW,Southampton,22-029,1999,1.2,25,70,45.8,71.4,83.3,100,0,0,0,0.83,2.5,0.83,0,1.67,Matches
331,Mark Noble,eng ENG,MF,West Ham,33-302,1987,3.5,55.1,86,211.1,89.2,89.2,82.1,0,0.03,-0.03,0.57,4.86,0.86,0.29,3.14,Matches
332,Oliver Norwood,nir NIR,MF,Sheffield Utd,29-328,1991,14.6,62.7,78.5,304.2,88.5,86.9,58.5,0,0.08,-0.08,1.3,5.62,1.44,0.41,4.93,Matches
333,Jack O'Connell,eng ENG,DF,Sheffield Utd,26-342,1994,2,38.5,77.9,265.5,95.8,80,60,0,0,0,0,2,1,0,3,Matches
334,Dara O'Shea,ie IRL,DF,West Brom,22-002,1999,18,38.2,65.3,260.3,85.7,70.2,44.7,0,0.01,-0.01,0.28,2.78,0.06,0,2.5,Matches
335,Michael Obafemi,ie IRL,FW,Southampton,20-243,2000,0.2,15,100,60,100,,,0,0,0,0,0,0,0,0,Matches
336,Denis Odoi,be BEL,DF,Fulham,32-283,1988,3,61.7,82.7,345.3,90,87.8,69.4,0,0.03,-0.03,0.33,3.67,0.67,0.33,3.33,Matches
337,Angelo Ogbonna,it ITA,DF,West Ham,32-287,1988,22.7,34.2,83.6,166.7,88,90.1,66.3,0,0.04,-0.04,0.13,0.88,0,0,0.93,Matches
338,Robin Olsen,se SWE,GK,Everton,31-057,1990,5,27.8,70.5,499.4,100,100,52.9,0,0,0,0,0.2,0,0,0,Matches
339,Josh Onomah,eng ENG,MF,Fulham,23-313,1997,1.6,31.3,80,72.5,74.1,94.4,0,0,0,0,0.63,2.5,1.25,0,1.88,Matches
340,Divock Origi,be BEL,FW,Liverpool,25-322,1995,2.1,29,77,37.6,84.4,78.9,0,0,0.1,-0.1,0.95,0.95,0,0,0.48,Matches
341,Ben Osborn,eng ENG,"MF,DF",Sheffield Utd,26-213,1994,10.1,51.6,77.9,264.5,89.2,84,47.2,0,0.14,-0.14,1.19,3.96,1.58,0.79,4.36,Matches
342,Owen Otasowie,us USA,MF,Wolves,19-320,2001,1.3,36.2,74.5,67.7,70.8,82.4,60,0.77,0.08,0.69,1.54,0,0,0,0.77,Matches
343,Alex Oxlade-Chamberlain,eng ENG,"FW,MF",Liverpool,27-203,1993,2.4,51.7,76.6,158.3,77.8,80,89.5,0.42,0.08,0.33,0.83,6.25,0.83,0,5,Matches
344,Emerson Palmieri,it ITA,DF,Chelsea,26-215,1994,1,63,81,203,96.4,78.9,72.7,0,0,0,0,1,1,1,0,Matches
345,Thomas Partey,gh GHA,MF,Arsenal,27-266,1993,7.8,60.9,88,303.3,92.1,91.9,75.9,0.13,0.06,0.06,0.9,7.69,0.77,0,6.54,Matches
346,Rui Patrício,pt POR,GK,Wolves,33-019,1988,27,21.8,66.2,329.9,98.6,98.2,51.9,0,0,0,0,0.11,0,0,0,Matches
347,Bailey Peacock-Farrell,nir NIR,GK,Burnley,24-128,1996,1,32,43.8,717,,100,39.3,0,0,0,0,0,0,0,0,Matches
348,Lee Peltier,eng ENG,DF,West Brom,34-085,1986,2.5,30.4,63.2,103.2,91.3,78.6,23.8,0,0,0,0.4,1.6,0.8,0.4,0.8,Matches
349,Nicolas Pépé,ci CIV,FW,Arsenal,25-281,1995,10.8,33,71.3,72.9,81.5,78.9,38.9,0,0.04,-0.04,0.56,0.74,0.93,0.09,1.85,Matches
350,Matheus Pereira,br BRA,"MF,FW",West Brom,24-305,1996,19.1,36.9,71.2,155.8,84.9,76.6,46.7,0.16,0.14,0.02,1.88,2.36,1.57,0.31,3.3,Matches
351,Ricardo Pereira,pt POR,"DF,FW",Leicester City,27-151,1993,6.6,44.4,73.7,180,84.6,75.5,44.4,0,0.03,-0.03,0.61,0.91,0.76,0,3.18,Matches
352,Ayoze Pérez,es ESP,"FW,MF",Leicester City,27-226,1993,9.8,32.9,76.7,101.5,86.1,79.1,44,0,0.11,-0.11,1.84,1.53,1.94,0.41,3.57,Matches
353,Kalvin Phillips,eng ENG,MF,Leeds United,25-094,1995,17.5,59.8,82.8,291.6,91.8,90.5,69.1,0.11,0.17,-0.06,1.37,6,0.69,0.17,4.29,Matches
354,Matt Phillips,sco SCO,"MF,DF",West Brom,29-358,1991,10.7,31.6,67.5,115.1,80.1,70.5,41.7,0.09,0.12,-0.03,1.4,1.12,1.12,0.75,1.87,Matches
355,Nathaniel Phillips,eng ENG,DF,Liverpool,23-350,1997,7.2,70,86.3,406.3,90.8,94.2,67.2,0,0,0,0.14,5,0.14,0,3.75,Matches
356,Jordan Pickford,eng ENG,GK,Everton,26-364,1994,21,36.8,65.4,599.6,98.3,99.4,46.5,0,0,0,0.05,1.19,0.05,0,0,Matches
357,Erik Pieters,nl NED,"DF,MF",Burnley,32-211,1988,11.4,39.9,74.3,194.5,88.2,79.3,44.2,0.09,0.02,0.07,0.35,2.11,0.18,0,2.02,Matches
358,Daniel Podence,pt POR,"FW,MF",Wolves,25-136,1995,14.6,34.7,75.1,128.2,85.5,75.3,66.3,0.14,0.07,0.07,1.1,2.6,0.96,0.14,3.77,Matches
359,Paul Pogba,fr FRA,"MF,FW",Manchester Utd,27-356,1993,15,66.6,83,250.6,89.3,90.1,66.3,0,0.08,-0.08,0.93,5.4,1.33,0,5.27,Matches
360,Nick Pope,eng ENG,GK,Burnley,28-321,1992,26,30.7,51.6,577.7,91.7,95.9,43.7,0,0.01,-0.01,0.04,1.04,0.04,0,0,Matches
361,Dennis Praet,be BEL,"MF,FW",Leicester City,26-296,1994,7.3,37.3,79,104.9,88.5,78,50,0.14,0.11,0.03,0.96,1.23,0.96,0.27,2.47,Matches
362,Davy Pröpper,nl NED,MF,Brighton,29-185,1991,2.2,39.5,77,173.2,74.2,82.2,75,0,0,0,0,3.18,2.27,0.45,5.91,Matches
363,Christian Pulisic,us USA,"FW,MF",Chelsea,22-169,1998,11.2,34.6,76.5,101.4,83.5,74.8,66.7,0.09,0.13,-0.04,1.07,1.43,2.23,0.09,3.57,Matches
364,Aaron Ramsdale,eng ENG,GK,Sheffield Utd,22-296,1998,27,29.4,45.5,506.3,97.1,97.9,35.4,0,0,0,0.04,1.52,0,0,0,Matches
365,Jacob Ramsey,eng ENG,MF,Aston Villa,19-282,2001,3.6,30.6,84.5,84.4,84.5,93.5,85.7,0,0.03,-0.03,0.56,2.22,0,0,2.5,Matches
366,Kayne Ramsey,eng ENG,DF,Southampton,20-147,2000,1,26,69.2,101,85.7,80,25,0,0,0,0,0,0,0,0,Matches
367,Darren Randolph,ie IRL,GK,West Ham,33-298,1987,2,20.5,61,320,100,100,40.7,0,0,0,0,0,0,0,0,Matches
368,Marcus Rashford,eng ENG,FW,Manchester Utd,23-126,1997,24.6,38.2,79.8,86.1,86.9,82.5,62.6,0.24,0.09,0.15,1.18,0.93,1.42,0.16,2.64,Matches
369,Tim Ream,us USA,DF,Fulham,33-152,1987,5,58.4,91.4,366.8,97.4,95.2,79.1,0,0,0,0,3,0,0,2.6,Matches
370,Nathan Redmond,eng ENG,"MF,FW",Southampton,27-000,1994,10.6,40,74.8,115.1,82.7,75.6,64.3,0.09,0.12,-0.03,0.85,2.08,1.79,0.19,3.96,Matches
371,Harrison Reed,eng ENG,MF,Fulham,26-038,1995,18.9,61.2,86.8,238.5,92.1,91.1,69.7,0.11,0.07,0.04,0.95,4.07,0.63,0.21,3.92,Matches
372,Sergio Reguilón,es ESP,DF,Tottenham,24-080,1996,13.6,51.8,76,227.7,87.5,79.9,41.4,0.22,0.09,0.13,0.74,1.91,0.88,0.51,2.79,Matches
373,Bobby Reid,jm JAM,"FW,DF",Fulham,28-032,1993,17.6,32,73.8,117.1,85.2,77,45.1,0,0.05,-0.05,0.63,1.48,1.19,0.11,2.61,Matches
374,Declan Rice,eng ENG,MF,West Ham,22-051,1999,26,48,85.5,199.5,89.6,89.6,74.3,0.04,0.08,-0.04,0.62,3.65,0.73,0.35,3.27,Matches
375,Lewis Richardson,eng ENG,FW,Burnley,18-027,2003,0,1,0,0,0,,,0,0,0,0,0,0,0,0,Matches
376,Richarlison,br BRA,FW,Everton,23-300,1997,20,25.2,69.8,58.6,80.1,72.3,55.3,0.15,0.1,0.06,0.6,0.65,0.45,0.05,1.2,Matches
377,Jaïro Riedewald,nl NED,MF,Crystal Palace,24-178,1996,12.9,33.5,86.6,135.6,89.7,89.6,75,0,0.07,-0.07,0.62,2.64,0.47,0,2.48,Matches
378,Matt Ritchie,sco SCO,"DF,MF",Newcastle Utd,31-177,1989,6.1,44.6,61.8,241.5,83.9,68.5,39,0,0.11,-0.11,1.97,2.13,1.15,0.82,2.79,Matches
379,Tyler Roberts,wal WAL,"MF,FW",Leeds United,22-053,1999,6.7,33.6,70.7,92.7,75.2,76.9,53.8,0.3,0.13,0.16,1.34,1.64,1.19,0,3.58,Matches
380,Andrew Robertson,sco SCO,DF,Liverpool,26-360,1994,26.9,89.1,79.7,425.2,88.4,86.7,49.4,0.19,0.19,0,1.71,4.91,1.82,0.71,7.14,Matches
381,Antonee Robinson,us USA,DF,Fulham,23-210,1997,18.8,56.4,73.4,290.4,86.9,79.4,44.8,0,0.06,-0.06,1.17,1.7,1.7,0.96,3.67,Matches
382,Callum Robinson,ie IRL,"FW,MF",West Brom,26-032,1995,13.2,25.7,67.3,52.9,78.1,75.5,45.8,0,0.05,-0.05,0.76,0.83,0.61,0.45,0.68,Matches
383,Jack Robinson,eng ENG,DF,Sheffield Utd,27-186,1993,6.7,47.6,78.7,257.8,90,83.2,59.5,0,0,0,0,3.13,0.15,0,2.54,Matches
384,Hal Robson-Kanu,wal WAL,"FW,MF",West Brom,31-289,1989,2.7,11.9,71.9,25.2,73.3,85.7,40,0,0.07,-0.07,1.11,0.74,0.37,0,1.11,Matches
385,Marek Rodák,sk SVK,GK,Fulham,24-083,1996,1,26,73.1,359,100,100,53.3,0,0,0,0,0,0,0,0,Matches
386,Joe Rodon,wal WAL,DF,Tottenham,23-135,1997,4.1,60.7,88.8,278.5,93.8,94.7,68.6,0,0,0,0,1.22,0,0,1.71,Matches
387,Rodri,es ESP,MF,Manchester City,24-257,1996,22.1,90.3,90.9,354,94,92.8,84.8,0.05,0.07,-0.02,0.86,8.19,0.68,0.05,5.57,Matches
388,Rodrigo,es ESP,MF,Leeds United,30-000,1991,11,42.3,75.5,136.1,82.7,78.8,64.2,0.09,0.15,-0.06,1.82,3,1.36,0.27,4.18,Matches
389,James Rodríguez,co COL,"FW,MF",Everton,29-237,1991,14.9,55.2,78,275.6,86.1,85.1,64.9,0.27,0.28,-0.01,2.21,5.03,2.08,0.34,6.98,Matches
390,Jay Rodriguez,eng ENG,"FW,MF",Burnley,31-220,1989,12.4,20.3,74.2,42.7,79.3,68.2,53.3,0.16,0.1,0.06,0.56,0.73,0.56,0.08,1.61,Matches
391,Oriol Romeu,es ESP,MF,Southampton,29-163,1991,19.2,64.1,82.7,179.8,87.4,88,54.4,0.05,0.06,-0.01,0.73,3.02,0.73,0.05,4.17,Matches
392,Antonio Rüdiger,de GER,DF,Chelsea,28-003,1993,12,78.6,91.7,404.3,97.9,97,72.4,0,0.02,-0.02,0.17,5.5,0.33,0.08,2.83,Matches
393,Mathew Ryan,au AUS,GK,Arsenal,28-332,1992,1,17,100,310,100,100,100,0,0,0,0,0,0,0,0,Matches
394,Mathew Ryan,au AUS,GK,Brighton,28-332,1992,11,36.3,78.7,376.9,100,100,52,0,0,0,0,0.09,0,0,0,Matches
395,Allan Saint-Maximin,fr FRA,"FW,MF",Newcastle Utd,23-359,1997,10.6,24.3,79.8,75.6,85.5,86.1,66.7,0.28,0.22,0.07,1.42,1.23,0.57,0.09,2.55,Matches
396,Romain Saïss,ma MAR,DF,Wolves,30-345,1990,17.7,50.1,83.2,370.1,93.4,88.7,65.7,0,0.01,-0.01,0.11,3.5,0.11,0.06,3.67,Matches
397,Bukayo Saka,eng ENG,"FW,DF",Arsenal,19-182,2001,20.7,40,73.9,127.7,85.5,80,40.3,0.1,0.16,-0.06,1.26,1.93,1.06,0.39,2.46,Matches
398,Mamadou Sakho,fr FRA,DF,Crystal Palace,31-021,1990,3.1,26.5,87.8,206.1,84.6,100,72.7,0,0,0,0,0.65,0,0,0.97,Matches
399,Mohamed Salah,eg EGY,FW,Liverpool,28-264,1992,24,40.2,83.8,120.9,91.9,84.6,62.4,0.13,0.15,-0.02,1.5,2.13,2.33,0.33,4.38,Matches
400,Mohammed Salisu,gh GHA,DF,Southampton,21-323,1999,2.9,37.9,82.7,263.1,89.2,89.1,53.8,0,0,0,0,2.07,0,0,2.76,Matches
401,Davinson Sánchez,co COL,DF,Tottenham,24-267,1996,11.5,59.5,86.8,287.3,90.6,91.6,76.2,0,0,0,0,1.39,0.09,0,2.09,Matches
402,Robert Sánchez,es ESP,GK,Brighton,23-108,1997,15,37.9,68.3,465.8,98.2,99,44.5,0,0,0,0,0.8,0,0,0,Matches
403,Morgan Sanson,fr FRA,MF,Aston Villa,26-200,1994,0.8,48.8,79.5,203.8,88.9,100,42.9,0,0,0,0,1.25,0,0,3.75,Matches
404,Romaine Sawyers,kn SKN,MF,West Brom,29-124,1991,16.5,43.2,84.8,192.2,88.8,88.5,75.7,0,0.02,-0.02,0.3,3.45,0.3,0.12,3.21,Matches
405,Dane Scarlett,eng ENG,FW,Tottenham,16-347,2004,0,0,,0,,,,0,0,0,0,0,0,0,0,Matches
406,Fabian Schär,ch SUI,DF,Newcastle Utd,29-076,1991,13.4,41.5,77.3,324.3,89.3,87.8,57.9,0,0,0,0.07,2.91,0.82,0,2.76,Matches
407,Jeffrey Schlupp,gh GHA,MF,Crystal Palace,28-073,1992,10.9,26.1,69.5,74,77.4,70.9,55,0.09,0.08,0.01,1.01,1.74,0.55,0.09,2.11,Matches
408,Kasper Schmeichel,dk DEN,GK,Leicester City,34-121,1986,27,32.3,71.6,397.6,98.7,98.6,52.1,0,0,0,0,0.11,0,0,0,Matches
409,Nélson Semedo,pt POR,DF,Wolves,27-110,1993,23.6,54.9,80.9,219.7,91.2,82.6,57.7,0.04,0.03,0.01,0.55,2.8,0.72,0.38,2.71,Matches
410,Jamie Shackleton,eng ENG,"MF,DF",Leeds United,21-149,1999,5.1,40.8,88.5,124.1,91,90.1,86.7,0,0.06,-0.06,0.39,1.37,0.2,0.2,1.37,Matches
411,Xherdan Shaqiri,ch SUI,"MF,FW",Liverpool,29-147,1991,4.8,65.8,82.9,230.4,89.8,85.7,71.1,0.42,0.4,0.02,2.5,3.96,3.96,0.63,6.04,Matches
412,Billy Sharp,eng ENG,FW,Sheffield Utd,35-029,1986,6.9,15.8,68.8,22.9,75,71.1,0,0,0.09,-0.09,0.58,0.29,0.43,0,0.87,Matches
413,Luke Shaw,eng ENG,DF,Manchester Utd,25-237,1995,20.5,70.1,81,373.8,92,83,47.4,0.24,0.19,0.05,2.39,2.83,1.61,0.68,5.32,Matches
414,Jonjo Shelvey,eng ENG,MF,Newcastle Utd,29-007,1992,17.1,52.2,72.7,273,84.2,81.2,57.1,0.06,0.09,-0.03,1.46,5.32,0.99,0.18,4.56,Matches
415,Shola Shoretire,eng ENG,FW,Manchester Utd,17-032,2004,0,4,75,12,100,100,,0,0,0,0,1,0,0,0,Matches
416,Gylfi Sigurðsson,is ISL,MF,Everton,31-179,1989,15.9,39.9,78.7,142.6,85.9,88.1,56.2,0.25,0.22,0.03,1.82,2.08,0.63,0.19,2.2,Matches
417,Bernardo Silva,pt POR,"MF,FW",Manchester City,26-208,1994,17.4,63.6,89.6,157,93.4,92.3,79.5,0.17,0.14,0.03,1.21,3.79,1.32,0,3.33,Matches
418,Fábio Silva,pt POR,FW,Wolves,18-230,2002,8.8,19.8,74.1,28.1,80.9,80.4,41.2,0,0.05,-0.05,0.91,0.34,0.34,0,0.8,Matches
419,Thiago Silva,br BRA,DF,Chelsea,36-165,1984,16.2,89.2,93.6,564.4,96.1,96.8,84.4,0,0.01,-0.01,0.19,5.56,0.25,0,4.07,Matches
420,Moussa Sissoko,fr FRA,MF,Tottenham,31-202,1989,15.5,44.4,84.4,147.3,86.4,90.9,67,0,0.03,-0.03,0.32,2.65,0.39,0.13,2,Matches
421,Islam Slimani,dz ALG,FW,Leicester City,32-261,1988,0.2,55,72.7,80,83.3,60,,0,0,0,5,0,0,0,5,Matches
422,William Smallbone,ie IRL,MF,Southampton,21-013,2000,1.9,41.1,82.1,127.9,90.3,91.2,36.4,0,0,0,0,2.11,0.53,0,2.63,Matches
423,Emile Smith-Rowe,eng ENG,"MF,FW",Arsenal,20-221,2000,9.5,44.4,85.8,114.5,90.3,89,72.7,0.42,0.21,0.21,1.47,2.32,0.95,0.21,2.53,Matches
424,Robert Snodgrass,sco SCO,"FW,DF",West Ham,33-180,1987,0.1,30,100,130,100,,,0,0,0,0,0,0,0,0,Matches
425,Robert Snodgrass,sco SCO,"MF,FW",West Brom,33-180,1987,5.6,22.7,78,93.8,83.1,72.9,63.6,0,0.05,-0.05,0.54,1.61,0.71,0,2.5,Matches
426,Cédric Soares,pt POR,DF,Arsenal,29-187,1991,6.8,55.9,75.5,268.2,87.8,76.2,47.3,0.15,0.13,0.01,0.88,3.53,0.88,0.29,3.38,Matches
427,Tomáš Souček,cz CZE,MF,West Ham,26-007,1995,26,38.3,74.7,141.2,74.3,76.3,79.3,0,0.04,-0.04,0.46,2.46,0.27,0.04,2.73,Matches
428,Çağlar Söyüncü,tr TUR,DF,Leicester City,24-287,1996,11.2,61,87.7,332.5,92.4,92.3,61.9,0,0.01,-0.01,0.27,2.5,0.18,0.09,3.04,Matches
429,Zack Steffen,us USA,GK,Manchester City,25-338,1995,1,28,82.1,236,100,100,58.3,0,0,0,0,0,0,0,0,Matches
430,Dale Stephens,eng ENG,MF,Burnley,31-267,1989,2.9,42.8,83.1,182.1,89.8,84.8,73.9,0,0,0,0,2.41,1.03,0,4.14,Matches
431,Jack Stephens,eng ENG,DF,Southampton,27-038,1994,11.4,61.8,81.4,367.2,85.1,89.8,60.3,0,0.04,-0.04,0.53,3.68,0.7,0,3.25,Matches
432,Raheem Sterling,eng ENG,FW,Manchester City,26-088,1994,21.9,39.2,85,81.2,90.3,89.1,55.9,0.23,0.14,0.09,1.32,1.37,1.05,0.23,2.05,Matches
433,Enda Stevens,ie IRL,DF,Sheffield Utd,30-240,1990,19,48.2,77.7,278.7,91.5,78.8,49,0,0.03,-0.03,0.42,3.11,1,0.21,4.05,Matches
434,John Stones,eng ENG,DF,Manchester City,26-282,1994,16,83.6,94.4,391.8,96.3,96.5,87.2,0,0.01,-0.01,0.06,5.44,0.06,0,3.06,Matches
435,Pascal Struijk,nl NED,"DF,MF",Leeds United,21-207,1999,14.8,61.2,88.1,296.8,89.4,92.9,75.9,0,0.01,-0.01,0.07,2.09,0.14,0,2.3,Matches
436,Japhet Tanganga,eng ENG,DF,Tottenham,21-340,1999,1.5,46.7,78.6,210.7,82.1,80,60,0,0,0,0,2,0.67,0.67,2,Matches
437,Matt Targett,eng ENG,DF,Aston Villa,25-169,1995,24.8,56.6,76.2,381,86.8,78.4,55.8,0.04,0.06,-0.02,0.89,4.03,1.41,0.28,6.09,Matches
438,James Tarkowski,eng ENG,DF,Burnley,28-107,1992,25,32.3,72.2,209.8,76.4,80.3,63.1,0,0.02,-0.02,0.24,1.68,0.16,0.04,1.8,Matches
439,Percy Tau,za RSA,"FW,MF",Brighton,26-297,1994,0.9,24.4,68.2,38.9,66.7,85.7,0,0,0,0,1.11,0,0,0,1.11,Matches
440,Sidnei Tavares,pt POR,MF,Leicester City,19-158,2001,0.2,5,100,0,100,,,0,0,0,0,0,0,0,0,Matches
441,Charlie Taylor,eng ENG,DF,Burnley,27-169,1993,18.6,49.2,71.1,270.6,86.4,76,44.6,0.05,0.04,0.01,0.54,3.01,0.81,0.65,2.63,Matches
442,Neil Taylor,wal WAL,DF,Aston Villa,32-027,1989,0.2,55,90.9,145,100,66.7,,0,0,0,0,0,0,0,0,Matches
443,Allan Tchaptchet,fr FRA,DF,Southampton,19-075,2001,0.1,20,0,0,0,,,0,0,0,0,0,0,0,0,Matches
444,Nathan Tella,eng ENG,"MF,FW",Southampton,21-244,1999,2.9,17.6,74.5,27.2,81.8,76.2,33.3,0,0,0,0,0.69,0.34,0.34,0.34,Matches
445,Alex Telles,br BRA,DF,Manchester Utd,28-081,1992,5.7,79.3,80.5,437.5,94.6,84.2,40.7,0.35,0.14,0.21,1.75,5.09,2.11,0.35,6.84,Matches
446,Kenny Tete,nl NED,DF,Fulham,25-148,1995,9.6,51.8,73.2,282.5,84.8,75.5,58.3,0.1,0.14,-0.03,1.25,0.94,1.88,1.35,3.44,Matches
447,Luke Thomas,eng ENG,DF,Leicester City,19-269,2001,4.5,38.9,69.1,140,78.1,70.9,27.8,0,0,0,0.22,1.78,0.22,0.22,1.56,Matches
448,Youri Tielemans,be BEL,MF,Leicester City,23-303,1997,26.3,66.6,79.5,262.1,89.5,86.4,56,0.08,0.05,0.02,0.84,5.78,1.14,0.08,5.32,Matches
449,Kieran Tierney,sco SCO,DF,Arsenal,23-274,1997,18.9,61.3,76.8,254.4,87.5,84.5,47.5,0.05,0.16,-0.11,1.43,2.54,1.43,0.53,4.44,Matches
450,James Tomkins,eng ENG,DF,Crystal Palace,31-342,1989,4.3,30.5,77.1,201.2,84.6,93.1,54.5,0,0,0,0,2.56,0,0,0.7,Matches
451,Fikayo Tomori,eng ENG,DF,Chelsea,23-077,1997,0.5,58,93.1,322,100,94.4,80,0,0,0,0,0,0,0,0,Matches
452,Ferrán Torres,es ESP,FW,Manchester City,21-005,2000,8.9,30.2,83.3,75.6,87.4,88,50,0.22,0.13,0.09,0.79,1.24,1.12,0.11,2.47,Matches
453,Cenk Tosun,tr TUR,FW,Everton,29-272,1991,0.5,20,80,28,100,100,50,0,0.2,-0.2,2,0,0,0,0,Matches
454,Andros Townsend,eng ENG,"MF,FW",Crystal Palace,29-233,1991,19.3,34.3,68.1,152.6,84.1,75.9,39.5,0.21,0.13,0.08,1.4,1.71,1.45,0.67,2.95,Matches
455,Conor Townsend,eng ENG,DF,West Brom,28-002,1993,13.8,51.6,76.3,332.5,90,81.5,42.4,0,0.04,-0.04,0.51,3.48,0.72,0.29,5.51,Matches
456,Adama Traoré,es ESP,"FW,DF",Wolves,25-040,1996,19.8,29.7,65,87.8,75.8,65.5,54.5,0,0.18,-0.18,1.97,1.46,1.06,0.76,2.02,Matches
457,Bertrand Traoré,bf BFA,FW,Aston Villa,25-181,1995,15.2,34.5,71.4,113.8,83.3,78.5,50,0.2,0.09,0.11,1.05,1.32,0.79,0.33,2.24,Matches
458,Trézéguet,eg EGY,FW,Aston Villa,26-156,1994,9.3,24.6,69.4,92.4,77.4,71.8,50,0.11,0.2,-0.1,0.86,1.61,0.65,0.32,2.26,Matches
459,Leandro Trossard,be BEL,"FW,MF",Brighton,26-092,1994,19.3,39.3,73.6,161.5,79.9,82.4,63.1,0.21,0.18,0.03,1.81,2.75,2.44,0.67,4.56,Matches
460,Kostas Tsimikas,gr GRE,DF,Liverpool,24-298,1996,0.1,80,75,0,100,50,50,0,0,0,0,0,0,0,0,Matches
461,Axel Tuanzebe,eng ENG,DF,Manchester Utd,23-112,1997,1.5,78,93.2,330,95.1,96.5,88.2,0,0,0,0,4,0,0,4.67,Matches
462,Cengiz Ünder,tr TUR,"MF,FW",Leicester City,23-235,1997,3.1,41.6,70.5,161,82,78.9,52.6,0.65,0.58,0.06,1.94,1.61,3.23,1.29,3.23,Matches
463,Yan Valery,fr FRA,"DF,MF",Southampton,22-012,1999,1.1,58.2,82.8,244.5,92.6,92.9,33.3,0,0,0,0,0,1.82,0.91,1.82,Matches
464,Jamie Vardy,eng ENG,FW,Leicester City,34-054,1987,20.7,12.7,62.4,19.5,70.4,62.1,50,0.24,0.12,0.12,0.77,0.34,0.29,0,0.77,Matches
465,Joël Veltman,nl NED,DF,Brighton,29-050,1992,17.3,59.8,76.9,364.9,86.3,79.8,58.5,0,0.05,-0.05,0.87,3.99,1.85,0.75,5.26,Matches
466,Jannik Vestergaard,dk DEN,DF,Southampton,28-215,1992,17.5,62.2,83.5,386.7,91.7,86.8,64.6,0,0.02,-0.02,0.23,3.83,0.34,0,2.57,Matches
467,Rúben Vinagre,pt POR,DF,Wolves,21-331,1999,1.9,51.6,83.7,170.5,91.7,77.5,77.8,0,0,0,0,1.05,0.53,0.53,1.05,Matches
468,Carlos Vinícius,br BRA,FW,Tottenham,25-346,1995,1.8,14.4,61.5,31.1,50,71.4,50,0,0.06,-0.06,1.11,1.11,0.56,0,1.67,Matches
469,Vitinha,pt POR,MF,Wolves,21-021,2000,2.6,64.6,91.1,90.8,89.7,98.5,75,0.38,0.08,0.31,1.92,4.23,0,0,1.15,Matches
470,Jake Vokins,eng ENG,DF,Southampton,20-354,2000,0.7,31.4,90.9,164.3,100,100,0,0,0.29,-0.29,2.86,0,2.86,1.43,4.29,Matches
471,Matěj Vydra,cz CZE,FW,Burnley,28-309,1992,8,16.4,76.3,13.9,82.4,81,62.5,0,0.07,-0.07,0.75,0.25,0.38,0.13,0.38,Matches
472,Theo Walcott,eng ENG,FW,Everton,31-355,1989,0.1,10,100,100,,100,,0,0,0,0,0,0,0,0,Matches
473,Theo Walcott,eng ENG,"MF,FW",Southampton,31-355,1989,13.7,23.7,72,47.1,85,69,29.6,0.15,0.06,0.09,0.8,1.02,0.73,0.22,1.46,Matches
474,Kyle Walker,eng ENG,DF,Manchester City,30-282,1990,16.3,86,88.8,405.3,92.5,92.5,76.3,0.06,0.03,0.03,0.37,7.98,0.37,0,4.85,Matches
475,Kyle Walker-Peters,eng ENG,DF,Southampton,23-327,1997,18.8,58.5,80.3,250.6,91.5,82.2,56.9,0.05,0.02,0.03,0.53,1.97,0.43,0,2.93,Matches
476,Aaron Wan-Bissaka,eng ENG,DF,Manchester Utd,23-100,1997,25,59.6,85.4,278.9,92.1,86.9,52.2,0.08,0.05,0.03,0.68,2.68,0.68,0.32,3.88,Matches
477,Joel Ward,eng ENG,DF,Crystal Palace,31-128,1989,14.1,43.3,70.7,253.3,86.1,72.4,42.2,0.07,0.03,0.04,0.35,2.55,0.43,0.14,2.48,Matches
478,James Ward-Prowse,eng ENG,MF,Southampton,26-125,1994,26,70.5,81.3,261,90.5,91.4,44.8,0.19,0.11,0.08,1.5,4.15,0.62,0,4.12,Matches
479,Ollie Watkins,eng ENG,FW,Aston Villa,25-066,1995,25,22.5,70.6,37.2,76,72.3,43.5,0.12,0.12,0,1.12,1.12,0.6,0.12,0.96,Matches
480,Caleb Watts,au AUS,"MF,FW",Southampton,19-049,2002,0.2,30,50,145,50,0,100,0,0,0,0,0,5,5,0,Matches
481,Adam Webster,eng ENG,DF,Brighton,26-061,1995,21.8,61.3,81.4,374.4,84.7,89.3,65.3,0,0.01,-0.01,0.28,4.91,0.28,0.05,3.99,Matches
482,Danny Welbeck,eng ENG,FW,Brighton,30-100,1990,8.2,12.1,76.8,28,77.3,85.7,85.7,0,0.09,-0.09,0.98,0.61,0.12,0,1.1,Matches
483,Timo Werner,de GER,FW,Chelsea,25-000,1996,21.5,30.8,76.8,72.7,81.3,85.9,46.7,0.23,0.13,0.1,0.88,1.21,0.79,0.23,2.19,Matches
484,Ashley Westwood,eng ENG,MF,Burnley,30-339,1990,26.9,56.6,74,285.6,87.7,83.5,51.4,0.07,0.14,-0.07,1.34,4.72,2.01,0.41,5.06,Matches
485,Ben White,eng ENG,"DF,MF",Brighton,23-149,1997,24.5,50.4,82.6,259.6,89.9,89.7,61.2,0,0.02,-0.02,0.29,3.35,0.61,0.04,3.27,Matches
486,Georginio Wijnaldum,nl NED,MF,Liverpool,30-115,1990,24.7,54.3,92.8,167.9,93.8,94.8,88.1,0,0.05,-0.05,0.69,4.45,0.65,0.04,2.91,Matches
487,Brandon Williams,eng ENG,DF,Manchester Utd,20-184,2000,0.1,70,85.7,90,100,50,100,0,0,0,0,10,0,0,0,Matches
488,Neco Williams,wal WAL,DF,Liverpool,19-327,2001,1.9,79.5,77.5,333.7,90.8,82.4,47.8,0,0.05,-0.05,0.53,4.21,0,0,5.79,Matches
489,Rhys Williams,eng ENG,DF,Liverpool,20-031,2001,1.3,77.7,88.1,472.3,78.6,93.6,88.5,0,0.15,-0.15,0.77,5.38,0.77,0,3.85,Matches
490,Willian,br BRA,"FW,MF",Arsenal,32-209,1988,12.4,50.1,78.4,136.2,88.3,83.2,54.2,0.32,0.15,0.17,1.61,1.85,1.69,0.56,2.82,Matches
491,Joe Willock,eng ENG,MF,Arsenal,21-198,1999,2.6,35,75.8,107.3,83.3,82.4,33.3,0,0,0,0.77,3.46,1.54,0.38,2.31,Matches
492,Joe Willock,eng ENG,MF,Newcastle Utd,21-198,1999,3.9,18.7,76.7,94.4,83.9,77.4,42.9,0,0.13,-0.13,1.03,2.56,0.26,0,3.08,Matches
493,Callum Wilson,eng ENG,FW,Newcastle Utd,29-007,1992,20.1,16.1,69.4,30.1,75.3,77,64.3,0.25,0.1,0.15,0.7,0.45,0.65,0,0.95,Matches
494,Harry Winks,eng ENG,MF,Tottenham,25-032,1996,6.3,65.6,84.3,293,90.9,91,64.7,0,0.05,-0.05,0.63,7.3,0.48,0,5.4,Matches
495,Chris Wood,nz NZL,FW,Burnley,29-089,1991,19.9,20.3,67.3,24.5,72.2,68.1,56.3,0,0.05,-0.05,0.7,0.65,0.2,0,1.01,Matches
496,Granit Xhaka,ch SUI,MF,Arsenal,28-160,1992,20.1,71.8,89.3,322.1,91,93.2,81.9,0.1,0.06,0.04,0.6,8.56,1.19,0,7.51,Matches
497,Andriy Yarmolenko,ua UKR,"FW,MF",West Ham,31-134,1989,4,34.8,79.1,132.5,87,72.3,75,0.25,0.25,0,1.25,2.5,1,0.25,2.5,Matches
498,DeAndre Yedlin,us USA,DF,Newcastle Utd,27-240,1993,4.8,35.8,64.5,168.5,80.3,65.5,35.5,0,0.02,-0.02,0.63,1.04,1.25,0.21,2.71,Matches
499,Okay Yokuşlu,tr TUR,MF,West Brom,26-362,1994,3.9,36.4,85.9,148.7,92.6,83.3,76.2,0,0,0,0.26,2.31,0.26,0,2.56,Matches